Date,Product Name,City,Quantity Sold,Price,Revenue,Day of Week,Month,Season,Customer Name,Phonenumber
2024-01-01,Antacids,Kanchipuram,8,9.04944118743919,72.39552949951351,Monday,January,Winter,Nisha,+91-8247688167
2024-08-01,Paracetamol,Chennai,6,16.88549650721017,101.31297904326102,Thursday,August,Monsoon,Nisha,+91-7943035023
2024-09-01,Ibuprofen,Kanchipuram,4,13.898711072260246,55.594844289040985,Sunday,September,Autumn,Nisha,+91-7199047327
2024-03-01,Paracetamol,Tirunelveli,5,12.735074444441665,63.675372222208324,Friday,March,Spring,Nisha,+91-9841498117
2024-10-01,Ibuprofen,Kanchipuram,7,13.742119522745028,96.1948366592152,Tuesday,October,Autumn,Nisha,+91-9203594464
2024-05-01,Antacids,Erode,5,5.81254044825586,29.0627022412793,Wednesday,May,Spring,Nisha,+91-7375501593
2024-01-01,Paracetamol,Chennai,3,13.799532985879999,41.39859895764,Monday,January,Winter,Nisha,+91-7320759027
2024-12-01,Aspirin,Coimbatore,3,17.729041895799313,53.18712568739794,Sunday,December,Winter,Nisha,+91-9323412914
2024-11-01,Antacids,Vellore,3,3.5041593856834514,10.512478157050355,Friday,November,Autumn,Nisha,+91-7606338882
2024-04-01,Aspirin,Tirunelveli,9,15.366027183435778,138.294244650922,Monday,April,Spring,Nisha,+91-7284304369
2024-12-01,Paracetamol,Tirunelveli,9,6.951148306973068,62.56033476275761,Sunday,December,Winter,Nisha,+91-9909653180
2024-05-01,Antacids,Coimbatore,7,6.729921516816438,47.10945061771506,Wednesday,May,Spring,Nisha,+91-8788928669
2024-02-01,Vitamins,Vellore,9,9.196950273245506,82.77255245920955,Thursday,February,Winter,Nisha,+91-9636570846
2024-12-01,Vitamins,Vellore,3,10.657993522998927,31.97398056899678,Sunday,December,Winter,Nisha,+91-8753453379
2024-10-01,Ibuprofen,Thanjavur,4,8.981432026021603,35.92572810408641,Tuesday,October,Autumn,Nisha,+91-9397751228
2024-06-01,Paracetamol,Erode,1,16.080256363790994,16.080256363790994,Saturday,June,Monsoon,Yogesh,+91-8508110388
2024-05-01,Vitamins,Tirunelveli,4,12.665353163352023,50.66141265340809,Wednesday,May,Spring,Yogesh,+91-9112142555
2024-03-01,Antacids,Tiruchirappalli,8,2.6206157513153108,20.964926010522486,Friday,March,Spring,Yogesh,+91-9167231959
2024-10-01,Aspirin,Tirunelveli,2,19.816440000537384,39.63288000107477,Tuesday,October,Autumn,Yogesh,+91-7604843388
2024-12-01,Antacids,Thanjavur,1,17.58036245350051,17.58036245350051,Sunday,December,Winter,Yogesh,+91-8184704906
2024-05-01,Aspirin,Erode,7,1.4875916430361,10.4131415012527,Wednesday,May,Spring,Yogesh,+91-7508547413
2024-04-01,Ibuprofen,Salem,6,4.892449481428469,29.354696888570814,Monday,April,Spring,Yogesh,+91-9572716500
2024-11-01,Vitamins,Kanchipuram,2,5.5757468183934895,11.151493636786979,Friday,November,Autumn,Yogesh,+91-7966788708
2024-07-01,Paracetamol,Coimbatore,9,12.028495606574472,108.25646045917024,Monday,July,Monsoon,Yogesh,+91-8749208278
2024-05-01,Vitamins,Chennai,8,17.611471365873992,140.89177092699194,Wednesday,May,Spring,Yogesh,+91-8415971357
2024-04-01,Ibuprofen,Chennai,7,8.003107516462734,56.02175261523914,Monday,April,Spring,Yogesh,+91-7414503144
2024-01-01,Paracetamol,Vellore,5,6.734786642622815,33.673933213114076,Monday,January,Winter,Prakash,+91-7332121341
2024-02-01,Paracetamol,Thanjavur,9,5.661976987204051,50.95779288483646,Thursday,February,Winter,Prakash,+91-8632981408
2024-04-01,Ibuprofen,Tiruchirappalli,6,10.96725979434211,65.80355876605266,Monday,April,Spring,Prakash,+91-8864735364
2024-08-01,Antacids,Tirunelveli,6,13.945823452837978,83.67494071702787,Thursday,August,Monsoon,Prakash,+91-9937558083
2024-07-01,Ibuprofen,Kanchipuram,3,9.920467755629627,29.76140326688888,Monday,July,Monsoon,Prakash,+91-7303619294
2024-10-01,Antacids,Chennai,4,11.245248350861301,44.980993403445204,Tuesday,October,Autumn,Prakash,+91-8974941272
2024-04-01,Ibuprofen,Thanjavur,7,18.176843465118196,127.23790425582737,Monday,April,Spring,Prakash,+91-9360807659
2024-07-01,Antacids,Salem,8,17.39742971654665,139.1794377323732,Monday,July,Monsoon,Prakash,+91-8225642210
2024-10-01,Paracetamol,Salem,9,7.7520081209666625,69.76807308869996,Tuesday,October,Autumn,Prakash,+91-9088105823
2024-06-01,Antacids,Kanchipuram,9,2.6441173137883727,23.797055824095352,Saturday,June,Monsoon,Prakash,+91-9362655946
2024-06-01,Antacids,Chennai,4,3.1942016456362134,12.776806582544854,Saturday,June,Monsoon,Prakash,+91-9895560975
2024-02-01,Vitamins,Madurai,9,8.233855654859545,74.1047008937359,Thursday,February,Winter,Prakash,+91-8329932541
2024-06-01,Paracetamol,Kanchipuram,6,9.532585126324502,57.19551075794701,Saturday,June,Monsoon,Prakash,+91-9178121175
2024-12-01,Paracetamol,Erode,2,19.06809961005249,38.13619922010498,Sunday,December,Winter,Prakash,+91-7660237924
2024-01-01,Vitamins,Madurai,3,10.574738625709275,31.724215877127826,Monday,January,Winter,Shankar,+91-7540231713
2024-11-01,Vitamins,Chennai,8,3.5051887250960982,28.041509800768786,Friday,November,Autumn,Shankar,+91-9274026924
2024-10-01,Ibuprofen,Tiruchirappalli,5,2.376254501850149,11.881272509250744,Tuesday,October,Autumn,Shankar,+91-8815701392
2024-09-01,Aspirin,Erode,9,17.872830402936497,160.85547362642848,Sunday,September,Autumn,Shankar,+91-7782336036
2024-12-01,Antacids,Coimbatore,7,17.895433112889005,125.26803179022303,Sunday,December,Winter,Shankar,+91-9264604921
2024-07-01,Ibuprofen,Thanjavur,6,11.329883022733808,67.97929813640285,Monday,July,Monsoon,Shankar,+91-9666625223
2024-03-01,Vitamins,Coimbatore,4,1.4619507944929977,5.847803177971991,Friday,March,Spring,Shankar,+91-7515829956
2024-05-01,Paracetamol,Vellore,6,18.38102254510344,110.28613527062065,Wednesday,May,Spring,Shankar,+91-8510000076
2024-04-01,Vitamins,Kanchipuram,5,11.24324646474867,56.216232323743355,Monday,April,Spring,Shankar,+91-7136740073
2024-04-01,Paracetamol,Tirunelveli,5,1.8165517633845898,9.082758816922949,Monday,April,Spring,Shankar,+91-7801599614
2024-01-01,Vitamins,Thanjavur,8,13.56123271865389,108.48986174923112,Monday,January,Winter,Shankar,+91-8626027726
2024-02-01,Antacids,Thanjavur,1,7.090741231749078,7.090741231749078,Thursday,February,Winter,Shankar,+91-8538015415
2024-01-01,Paracetamol,Vellore,7,8.661142627865072,60.6279983950555,Monday,January,Winter,Shankar,+91-7436598138
2024-12-01,Aspirin,Chennai,6,19.708000836416833,118.248005018501,Sunday,December,Winter,Shankar,+91-7371780759
2024-10-01,Paracetamol,Thanjavur,6,5.596132379828211,33.57679427896927,Tuesday,October,Autumn,Shankar,+91-7056361770
2024-08-01,Paracetamol,Erode,3,15.837691524821285,47.51307457446386,Thursday,August,Monsoon,Shankar,+91-9285664154
2024-06-01,Antacids,Vellore,2,19.713732856005695,39.42746571201139,Saturday,June,Monsoon,Shankar,+91-9974182334
2024-02-01,Aspirin,Madurai,3,8.672062072679356,26.01618621803807,Thursday,February,Winter,Shankar,+91-9915945744
2024-03-01,Antacids,Salem,2,2.330801612748248,4.661603225496496,Friday,March,Spring,Shankar,+91-7191698630
2024-11-01,Antacids,Salem,6,2.6194281455958808,15.716568873575284,Friday,November,Autumn,Bhavani,+91-9347673693
2024-08-01,Ibuprofen,Kanchipuram,8,4.6207713838612925,36.96617107089034,Thursday,August,Monsoon,Bhavani,+91-7845369629
2024-04-01,Antacids,Coimbatore,1,5.230500722447389,5.230500722447389,Monday,April,Spring,Bhavani,+91-8250589825
2024-04-01,Ibuprofen,Thanjavur,4,15.26941132827157,61.07764531308628,Monday,April,Spring,Bhavani,+91-8519721010
2024-02-01,Ibuprofen,Madurai,9,3.506161745067206,31.555455705604853,Thursday,February,Winter,Bhavani,+91-9320746053
2024-04-01,Ibuprofen,Erode,1,14.040878942281257,14.040878942281257,Monday,April,Spring,Bhavani,+91-9300120229
2024-07-01,Vitamins,Thanjavur,9,8.066456221736765,72.59810599563087,Monday,July,Monsoon,Bhavani,+91-7247757241
2024-02-01,Ibuprofen,Thanjavur,1,4.154908665903667,4.154908665903667,Thursday,February,Winter,Bhavani,+91-7214606628
2024-07-01,Aspirin,Tiruchirappalli,1,2.9458614105959118,2.9458614105959118,Monday,July,Monsoon,Bhavani,+91-7399704135
2024-08-01,Antacids,Salem,8,13.802909521442398,110.42327617153919,Thursday,August,Monsoon,Bhavani,+91-8700183501
2024-11-01,Ibuprofen,Kanchipuram,8,7.686788569418123,61.494308555344986,Friday,November,Autumn,Bhavani,+91-7244601765
2024-06-01,Antacids,Kanchipuram,7,14.798316478813003,103.58821535169102,Saturday,June,Monsoon,Bhavani,+91-7210877048
2024-01-01,Vitamins,Tiruchirappalli,8,18.382398668834274,147.0591893506742,Monday,January,Winter,Bhavani,+91-9975049402
2024-06-01,Antacids,Tirunelveli,1,14.932493552017794,14.932493552017794,Saturday,June,Monsoon,Bhavani,+91-8210163436
2024-05-01,Aspirin,Kanchipuram,7,17.818938213311952,124.73256749318367,Wednesday,May,Spring,Bhavani,+91-9381331536
2024-12-01,Vitamins,Vellore,6,12.126274241568336,72.75764544941,Sunday,December,Winter,Bhavani,+91-9182004212
2024-03-01,Antacids,Erode,8,19.58527129816368,156.68217038530943,Friday,March,Spring,Bhavani,+91-8310140213
2024-10-26,Ibuprofen,Erode,8,10.241798528884644,81.93438823107715,Saturday,October,Autumn,Karthik,+91-8252213830
2024-07-22,Vitamins,Kanchipuram,9,5.017641119865857,45.15877007879271,Monday,July,Monsoon,Bhavani,+91-8658436537
2024-10-18,Paracetamol,Kanchipuram,8,7.990432268539594,63.923458148316755,Friday,October,Autumn,Eswari,+91-9780748440
2024-08-01,Aspirin,Vellore,1,1.7325876751209686,1.7325876751209686,Thursday,August,Monsoon,Rukmini,+91-9473772217
2024-07-27,Paracetamol,Thanjavur,6,7.2750736782410845,43.650442069446505,Saturday,July,Monsoon,Usha,+91-8124145821
2024-08-26,Antacids,Tirunelveli,4,7.383573304464849,29.534293217859396,Monday,August,Monsoon,Kalyani,+91-8371179420
2024-03-15,Antacids,Salem,5,10.921341511040263,54.60670755520131,Friday,March,Spring,Arun,+91-9938304402
2024-09-10,Paracetamol,Salem,8,2.3144705170554003,18.515764136443202,Tuesday,September,Autumn,Arun,+91-7610225512
2024-05-02,Paracetamol,Thanjavur,4,12.230242235845813,48.92096894338325,Thursday,May,Spring,Usha,+91-7310108853
2024-12-07,Aspirin,Kanchipuram,2,15.653283796352294,31.30656759270459,Saturday,December,Winter,Ilango,+91-9616957014
2024-05-25,Ibuprofen,Madurai,6,14.466637427879924,86.79982456727954,Saturday,May,Spring,Ravi,+91-7722653088
2024-08-15,Paracetamol,Thanjavur,6,14.272590784882714,85.63554470929628,Thursday,August,Monsoon,Vanitha,+91-8407239540
2024-04-15,Aspirin,Erode,6,3.5450289233568837,21.2701735401413,Monday,April,Spring,Vikram,+91-8480118949
2024-11-18,Paracetamol,Kanchipuram,1,13.245102959376378,13.245102959376378,Monday,November,Autumn,Yogesh,+91-7812858213
2024-07-21,Paracetamol,Salem,6,1.461181387819163,8.767088326914978,Sunday,July,Monsoon,Pavithra,+91-9771849332
2024-03-11,Paracetamol,Erode,7,4.812115743025801,33.68481020118061,Monday,March,Spring,Anjali,+91-7323112727
2024-05-03,Paracetamol,Chennai,9,18.19170744974029,163.7253670476626,Friday,May,Spring,Nisha,+91-8280403816
2024-01-06,Vitamins,Madurai,7,5.628846968557074,39.40192877989952,Saturday,January,Winter,Kumar,+91-7729808626
2024-02-07,Antacids,Coimbatore,6,15.420706540294496,92.52423924176698,Wednesday,February,Winter,Siva,+91-7838899441
2024-08-18,Aspirin,Chennai,1,11.895434818982048,11.895434818982048,Sunday,August,Monsoon,Shankar,+91-9167152026
2024-07-10,Antacids,Tiruchirappalli,5,19.58492097756297,97.92460488781485,Wednesday,July,Monsoon,Rajesh,+91-9269151931
2024-06-21,Paracetamol,Thanjavur,4,19.769894217336997,79.07957686934799,Friday,June,Monsoon,Ishwarya,+91-9443544900
2024-09-09,Paracetamol,Madurai,4,5.499010695834574,21.996042783338297,Monday,September,Autumn,Anjali,+91-7962177675
2024-05-05,Paracetamol,Vellore,2,14.48431021289379,28.96862042578758,Sunday,May,Spring,Vijay,+91-8464278579
2024-11-09,Ibuprofen,Coimbatore,4,13.04565140714028,52.18260562856112,Saturday,November,Autumn,Ravi,+91-8372813217
2024-07-31,Aspirin,Vellore,8,12.174877748270687,97.3990219861655,Wednesday,July,Monsoon,Hema,+91-9715658815
2024-06-01,Aspirin,Coimbatore,6,9.038034363156301,54.22820617893781,Saturday,June,Monsoon,Nisha,+91-8785019514
2024-10-13,Ibuprofen,Vellore,3,8.21798417193433,24.653952515802988,Sunday,October,Autumn,Ilango,+91-9748331755
2024-03-29,Aspirin,Thanjavur,4,15.699521831226324,62.798087324905296,Friday,March,Spring,Sangeetha,+91-9129588822
2024-11-03,Antacids,Vellore,5,15.69192339527344,78.4596169763672,Sunday,November,Autumn,Abhilash,+91-7102170293
2024-11-24,Ibuprofen,Kanchipuram,1,3.643532408737701,3.643532408737701,Sunday,November,Autumn,Rukmini,+91-8643310786
2024-02-27,Aspirin,Vellore,9,19.336804491141418,174.03124042027275,Tuesday,February,Winter,Usha,+91-7185435766
2024-04-10,Antacids,Kanchipuram,3,15.244327451050307,45.732982353150916,Wednesday,April,Spring,Vijay,+91-8959838590
2024-03-26,Paracetamol,Chennai,7,17.370228314585706,121.59159820209995,Tuesday,March,Spring,Nisha,+91-8645760166
2024-02-06,Vitamins,Salem,3,5.315975247527602,15.947925742582806,Tuesday,February,Winter,Swathi,+91-9431066098
2024-11-05,Aspirin,Coimbatore,9,17.057927652918686,153.52134887626818,Tuesday,November,Autumn,Vijay,+91-7025771320
2024-03-06,Aspirin,Salem,3,13.872658763886195,41.617976291658586,Wednesday,March,Spring,Elango,+91-8175393063
2024-02-20,Antacids,Coimbatore,6,11.456416904109927,68.73850142465956,Tuesday,February,Winter,Chitra,+91-7933978478
2024-06-30,Vitamins,Erode,2,6.79588726889437,13.59177453778874,Sunday,June,Monsoon,Chandran,+91-9036303695
2024-03-24,Ibuprofen,Thanjavur,4,14.360591304297621,57.442365217190485,Sunday,March,Spring,Ishwarya,+91-7035667472
2024-06-28,Ibuprofen,Madurai,6,11.974211710823626,71.84527026494176,Friday,June,Monsoon,Prakash,+91-8878614851
2024-01-28,Aspirin,Salem,8,15.053017522419037,120.42414017935229,Sunday,January,Winter,Chitra,+91-9579663993
2024-01-08,Vitamins,Chennai,4,17.45954003460301,69.83816013841204,Monday,January,Winter,Rukmini,+91-8975420871
2024-07-12,Ibuprofen,Coimbatore,8,11.260911310180147,90.08729048144117,Friday,July,Monsoon,Tharun,+91-9128479883
2024-04-05,Vitamins,Tiruchirappalli,8,17.858379873468532,142.86703898774826,Friday,April,Spring,Rani,+91-8035578026
2024-02-12,Ibuprofen,Tiruchirappalli,2,4.803607875960667,9.607215751921334,Monday,February,Winter,Uma,+91-7230301223
2024-04-09,Antacids,Tiruchirappalli,9,6.676255906186878,60.086303155681904,Tuesday,April,Spring,Vignesh,+91-9196156229
2024-06-18,Paracetamol,Madurai,4,10.737279145121231,42.949116580484926,Tuesday,June,Monsoon,Oviya,+91-9166888522
2024-03-28,Ibuprofen,Tiruchirappalli,5,10.63234879262798,53.1617439631399,Thursday,March,Spring,Uma,+91-8188309293
2024-10-09,Vitamins,Thanjavur,6,11.220969803886147,67.32581882331688,Wednesday,October,Autumn,Kalyani,+91-7717540578
2024-04-24,Ibuprofen,Madurai,7,3.9021045019354723,27.314731513548306,Wednesday,April,Spring,Ishwarya,+91-9866344414
2024-12-13,Antacids,Kanchipuram,9,8.11386569371506,73.02479124343553,Friday,December,Winter,Harish,+91-8217833907
2024-03-13,Antacids,Thanjavur,9,14.291182424791701,128.6206418231253,Wednesday,March,Spring,Meenal,+91-8761812024
2024-06-05,Paracetamol,Erode,8,8.690698950185812,69.5255916014865,Wednesday,June,Monsoon,Vignesh,+91-9230796981
2024-12-01,Vitamins,Madurai,9,11.562816087363528,104.06534478627175,Sunday,December,Winter,Ishwarya,+91-7352014058
2024-11-02,Ibuprofen,Chennai,6,16.04067621852182,96.24405731113092,Saturday,November,Autumn,Gayathri,+91-8908169714
2024-02-11,Vitamins,Coimbatore,9,13.73817204779258,123.64354843013321,Sunday,February,Winter,Arun,+91-9757851478
2024-06-21,Vitamins,Thanjavur,1,8.213567898305639,8.213567898305639,Friday,June,Monsoon,Yamuna,+91-9635895069
2024-10-22,Ibuprofen,Erode,8,1.3741412117503706,10.993129694002965,Tuesday,October,Autumn,Ishwarya,+91-9647367064
2024-01-12,Antacids,Kanchipuram,3,1.552536146156458,4.657608438469374,Friday,January,Winter,Rani,+91-7958109592
2024-06-15,Ibuprofen,Kanchipuram,1,1.5309797038454476,1.5309797038454476,Saturday,June,Monsoon,Sangeetha,+91-9079384451
2024-05-03,Paracetamol,Madurai,2,14.941490582595241,29.882981165190483,Friday,May,Spring,Kalyani,+91-8986238058
2024-02-23,Antacids,Erode,3,5.290368161440783,15.87110448432235,Friday,February,Winter,Yamuna,+91-7105014190
2024-04-17,Antacids,Coimbatore,4,13.787192542861959,55.148770171447836,Wednesday,April,Spring,Kumar,+91-7254242015
2024-11-20,Vitamins,Tiruchirappalli,9,16.293775871023414,146.6439828392107,Wednesday,November,Autumn,Ishwarya,+91-7573602051
2024-10-01,Aspirin,Kanchipuram,3,11.679256104339663,35.03776831301899,Tuesday,October,Autumn,Yamuna,+91-9377146700
2024-10-07,Vitamins,Erode,6,15.961580563660467,95.7694833819628,Monday,October,Autumn,Jothi,+91-9682995585
2024-03-16,Ibuprofen,Coimbatore,5,16.25653218891292,81.28266094456461,Saturday,March,Spring,Anjali,+91-8980560606
2024-09-30,Ibuprofen,Chennai,6,11.679241032248955,70.07544619349373,Monday,September,Autumn,Yamuna,+91-9444721498
2024-01-09,Vitamins,Thanjavur,1,7.030101207823886,7.030101207823886,Tuesday,January,Winter,Rukmini,+91-9899526956
2024-08-14,Antacids,Kanchipuram,1,6.4402613905955315,6.4402613905955315,Wednesday,August,Monsoon,Ilango,+91-8099393465
2024-04-23,Ibuprofen,Tiruchirappalli,8,16.689025582584833,133.51220466067866,Tuesday,April,Spring,Rukmani,+91-9618420283
2024-10-26,Vitamins,Salem,2,6.9411070262346675,13.882214052469335,Saturday,October,Autumn,Bhavani,+91-9424879895
2024-05-24,Antacids,Coimbatore,2,15.702822683869043,31.405645367738085,Friday,May,Spring,Harish,+91-7600232195
2024-02-27,Ibuprofen,Vellore,8,19.708699640383696,157.66959712306956,Tuesday,February,Winter,Chitra,+91-9496964120
2024-03-20,Aspirin,Thanjavur,7,17.70493934607992,123.93457542255945,Wednesday,March,Spring,Shankar,+91-8882127662
2024-05-18,Ibuprofen,Tiruchirappalli,7,11.479421634582268,80.35595144207588,Saturday,May,Spring,Arun,+91-7939421602
2024-07-03,Antacids,Thanjavur,6,1.2530061516828788,7.518036910097273,Wednesday,July,Monsoon,Kumar,+91-9266190133
2024-10-17,Antacids,Kanchipuram,5,2.9244006923301007,14.622003461650504,Thursday,October,Autumn,Vanitha,+91-8568955845
2024-06-23,Antacids,Chennai,7,4.559857127100132,31.918999889700927,Sunday,June,Monsoon,Shankar,+91-7582932911
2024-12-20,Paracetamol,Madurai,4,7.107016580237629,28.428066320950517,Friday,December,Winter,Suresh,+91-9247244915
2024-12-26,Vitamins,Salem,1,7.601733694201102,7.601733694201102,Thursday,December,Winter,Ganesh,+91-9296891110
2024-07-13,Paracetamol,Madurai,6,18.709077860441088,112.25446716264653,Saturday,July,Monsoon,Satish,+91-7856814590
2024-01-11,Ibuprofen,Chennai,2,6.887197677178592,13.774395354357184,Thursday,January,Winter,Uma,+91-9607649236
2024-08-26,Aspirin,Chennai,8,17.157698222919123,137.26158578335298,Monday,August,Monsoon,Rajesh,+91-9429803057
2024-01-17,Vitamins,Erode,9,7.7626234731037,69.8636112579333,Wednesday,January,Winter,Rukmani,+91-8517715078
2024-12-16,Aspirin,Tirunelveli,9,17.015501130422223,153.1395101738,Monday,December,Winter,Thavapalan,+91-8389072876
2024-02-13,Aspirin,Madurai,9,18.943678307921566,170.4931047712941,Tuesday,February,Winter,Sandhya,+91-7341828987
2024-07-13,Ibuprofen,Kanchipuram,7,10.12561445968929,70.87930121782503,Saturday,July,Monsoon,Naren,+91-9727843025
2024-12-08,Aspirin,Thanjavur,4,4.160167660673135,16.64067064269254,Sunday,December,Winter,Vignesh,+91-8453213446
2024-05-04,Ibuprofen,Kanchipuram,8,3.163987991415905,25.31190393132724,Saturday,May,Spring,Chandran,+91-8000045592
2024-01-22,Paracetamol,Thanjavur,2,12.715750427489407,25.431500854978815,Monday,January,Winter,Suresh,+91-8076790948
2024-07-21,Aspirin,Tiruchirappalli,5,5.759891141926393,28.799455709631964,Sunday,July,Monsoon,Uma,+91-7025427356
2024-04-25,Ibuprofen,Vellore,1,1.4794047184685066,1.4794047184685066,Thursday,April,Spring,Murali,+91-7261595233
2024-10-22,Antacids,Vellore,6,6.0917849675839815,36.550709805503885,Tuesday,October,Autumn,Kumar,+91-8518771909
2024-02-15,Paracetamol,Kanchipuram,4,2.7914739593735534,11.165895837494213,Thursday,February,Winter,Murali,+91-8046821210
2024-01-23,Vitamins,Erode,6,6.735445275429038,40.41267165257423,Tuesday,January,Winter,Tharun,+91-9020771498
2024-02-05,Antacids,Tirunelveli,4,4.6349385588994805,18.539754235597922,Monday,February,Winter,Karthik,+91-7613324449
2024-08-18,Paracetamol,Kanchipuram,7,4.1313062071032185,28.91914344972253,Sunday,August,Monsoon,Uma,+91-7974053670
2024-12-12,Aspirin,Tirunelveli,8,12.123451120762901,96.98760896610321,Thursday,December,Winter,Elango,+91-9202608336
2024-08-30,Vitamins,Salem,6,14.619105153584007,87.71463092150404,Friday,August,Monsoon,Jothi,+91-7209159584
2024-09-27,Paracetamol,Madurai,2,6.2409134893251705,12.481826978650341,Friday,September,Autumn,Anjali,+91-7313147645
2024-12-13,Paracetamol,Erode,4,19.79330480331726,79.17321921326904,Friday,December,Winter,Rajesh,+91-7836573281
2024-06-17,Paracetamol,Kanchipuram,6,16.156526434019007,96.93915860411404,Monday,June,Monsoon,Gayathri,+91-9632535191
2024-07-24,Ibuprofen,Vellore,4,9.135774495816111,36.543097983264445,Wednesday,July,Monsoon,Ilango,+91-7788553760
2024-03-14,Vitamins,Tiruchirappalli,6,11.814723472387946,70.88834083432768,Thursday,March,Spring,Rakesh,+91-7997471358
2024-08-14,Paracetamol,Thanjavur,4,1.2594527227835588,5.037810891134235,Wednesday,August,Monsoon,Vijay,+91-8653239169
2024-06-22,Antacids,Salem,2,13.006178780772107,26.012357561544214,Saturday,June,Monsoon,Ganesh,+91-8037108177
2024-11-18,Paracetamol,Tiruchirappalli,6,7.45336945319816,44.72021671918896,Monday,November,Autumn,Siva,+91-8338393364
2024-02-13,Vitamins,Salem,6,3.105275451261801,18.631652707570808,Tuesday,February,Winter,Harish,+91-8898583063
2024-03-28,Antacids,Thanjavur,9,19.076805477711744,171.69124929940568,Thursday,March,Spring,Tharun,+91-9796967856
2024-12-30,Aspirin,Thanjavur,9,18.40496725722483,165.64470531502346,Monday,December,Winter,Gayathri,+91-8810051503
2024-08-17,Paracetamol,Vellore,5,2.4834222293877817,12.417111146938907,Saturday,August,Monsoon,Meera,+91-9901726344
2024-12-09,Antacids,Tiruchirappalli,1,10.814562880884726,10.814562880884726,Monday,December,Winter,Ishwarya,+91-9866489075
2024-01-18,Antacids,Coimbatore,1,19.44334542477392,19.44334542477392,Thursday,January,Winter,Jothi,+91-9171027880
2024-12-30,Vitamins,Thanjavur,5,8.722788298819186,43.613941494095926,Monday,December,Winter,Siva,+91-9464028786
2024-10-06,Vitamins,Coimbatore,9,16.308344422734873,146.77509980461386,Sunday,October,Autumn,Murali,+91-7534227952
2024-12-10,Antacids,Chennai,5,1.7203216972843451,8.601608486421725,Tuesday,December,Winter,Karthik,+91-7925829496
2024-04-02,Aspirin,Salem,7,9.06650616510218,63.46554315571525,Tuesday,April,Spring,Jaya,+91-9069623209
2024-09-15,Ibuprofen,Erode,5,14.923487356697214,74.61743678348607,Sunday,September,Autumn,Chitra,+91-9232382473
2024-07-30,Antacids,Kanchipuram,7,9.121766708171862,63.85236695720303,Tuesday,July,Monsoon,Ajay,+91-7733722070
2024-03-19,Vitamins,Vellore,7,6.541656535037062,45.791595745259436,Tuesday,March,Spring,Anjali,+91-8658742290
2024-11-07,Vitamins,Erode,5,9.954741573851074,49.77370786925537,Thursday,November,Autumn,Satish,+91-8887251521
2024-01-31,Aspirin,Coimbatore,7,6.3185442602204045,44.22980982154283,Wednesday,January,Winter,Harish,+91-7461575482
2024-03-16,Ibuprofen,Vellore,8,4.5795909328732805,36.636727462986244,Saturday,March,Spring,Chandran,+91-8119798935
2024-08-26,Ibuprofen,Tirunelveli,8,9.961192979595406,79.68954383676325,Monday,August,Monsoon,Tharun,+91-9641044700
2024-01-04,Ibuprofen,Tirunelveli,7,5.088469005600987,35.61928303920691,Thursday,January,Winter,Yamuna,+91-7676660752
2024-09-27,Vitamins,Tirunelveli,5,5.5327544887306885,27.663772443653443,Friday,September,Autumn,Balaji,+91-7866526650
2024-12-15,Ibuprofen,Madurai,2,7.316161274765767,14.632322549531533,Sunday,December,Winter,Divya,+91-8152152662
2024-07-09,Vitamins,Tiruchirappalli,8,11.37296081301053,90.98368650408425,Tuesday,July,Monsoon,Gokul,+91-8592051307
2024-06-27,Ibuprofen,Kanchipuram,7,17.674749170314552,123.72324419220186,Thursday,June,Monsoon,Jaya,+91-8615476323
2024-11-22,Antacids,Thanjavur,7,12.775669601243576,89.42968720870503,Friday,November,Autumn,Rajesh,+91-7537272950
2024-08-30,Paracetamol,Chennai,9,11.515558163727839,103.64002347355054,Friday,August,Monsoon,Oviya,+91-9868364066
2024-07-26,Vitamins,Vellore,7,14.344443711142437,100.41110597799707,Friday,July,Monsoon,Elango,+91-8709980194
2024-08-31,Paracetamol,Salem,5,5.901216785760455,29.506083928802273,Saturday,August,Monsoon,Lalith,+91-9276326543
2024-01-09,Antacids,Coimbatore,8,6.387596586949473,51.100772695595786,Tuesday,January,Winter,Usha,+91-8941179005
2024-04-12,Paracetamol,Tiruchirappalli,3,11.51729722986923,34.55189168960769,Friday,April,Spring,Naren,+91-8503532208
2024-11-01,Antacids,Coimbatore,7,10.233057162526384,71.6314001376847,Friday,November,Autumn,Ishwarya,+91-8341091172
2024-12-09,Paracetamol,Chennai,9,10.219021788007097,91.97119609206388,Monday,December,Winter,Rukmani,+91-9351214798
2024-10-04,Aspirin,Erode,7,6.591966263675392,46.14376384572775,Friday,October,Autumn,Murali,+91-8101035569
2024-10-26,Aspirin,Coimbatore,6,7.951950761781747,47.711704570690486,Saturday,October,Autumn,Karthik,+91-9598158914
2024-08-26,Antacids,Salem,1,16.07463015325143,16.07463015325143,Monday,August,Monsoon,Shankar,+91-9938778198
2024-07-15,Ibuprofen,Tirunelveli,8,3.773009913448749,30.184079307589993,Monday,July,Monsoon,Nisha,+91-8854091803
2024-07-04,Antacids,Thanjavur,6,3.1878110120982686,19.12686607258961,Thursday,July,Monsoon,Yamuna,+91-7313307206
2024-05-28,Antacids,Chennai,3,19.920770064816576,59.762310194449725,Tuesday,May,Spring,Kalyani,+91-9517316827
2024-10-29,Ibuprofen,Madurai,9,13.330974601994093,119.97877141794683,Tuesday,October,Autumn,Mani,+91-7094609422
2024-10-16,Ibuprofen,Coimbatore,7,2.587992197124754,18.115945379873278,Wednesday,October,Autumn,Vignesh,+91-9869274016
2024-09-27,Antacids,Tirunelveli,1,18.682453684090678,18.682453684090678,Friday,September,Autumn,Murali,+91-9766770941
2024-05-30,Ibuprofen,Tiruchirappalli,1,4.7853347820594045,4.7853347820594045,Thursday,May,Spring,Vignesh,+91-7170128798
2024-09-07,Paracetamol,Tirunelveli,1,18.44208363874379,18.44208363874379,Saturday,September,Autumn,Yogesh,+91-8268373355
2024-11-23,Vitamins,Vellore,3,18.834756414696916,56.50426924409075,Saturday,November,Autumn,Harish,+91-8857544788
2024-12-21,Antacids,Madurai,1,3.5895543668552286,3.5895543668552286,Saturday,December,Winter,Pavithra,+91-9954305151
2024-05-12,Paracetamol,Thanjavur,4,5.419435671684601,21.677742686738405,Sunday,May,Spring,Tharun,+91-9638480840
2024-10-28,Aspirin,Erode,9,4.409226295147141,39.68303665632427,Monday,October,Autumn,Lalitha,+91-7188833295
2024-02-25,Paracetamol,Thanjavur,1,18.185215497817097,18.185215497817097,Sunday,February,Winter,Siva,+91-9515112431
2024-03-01,Ibuprofen,Chennai,3,3.595950310912665,10.787850932737996,Friday,March,Spring,Arun,+91-7296519692
2024-03-07,Antacids,Chennai,6,12.340868269761843,74.04520961857106,Thursday,March,Spring,Lalitha,+91-9656025629
2024-11-21,Vitamins,Vellore,9,11.27700808667722,101.49307278009499,Thursday,November,Autumn,Tharun,+91-9291116365
2024-04-26,Aspirin,Thanjavur,9,4.834924534812677,43.51432081331409,Friday,April,Spring,Murali,+91-7874696837
2024-01-30,Vitamins,Salem,4,6.290910279317954,25.163641117271816,Tuesday,January,Winter,Eswari,+91-7042622279
2024-02-26,Ibuprofen,Madurai,1,14.365178043810111,14.365178043810111,Monday,February,Winter,Ilango,+91-9463875902
2024-02-27,Paracetamol,Tiruchirappalli,8,10.629936241577001,85.03948993261601,Tuesday,February,Winter,Vanitha,+91-7471778956
2024-12-21,Paracetamol,Tirunelveli,1,6.897221922867226,6.897221922867226,Saturday,December,Winter,Satish,+91-8640886455
2024-06-02,Ibuprofen,Kanchipuram,6,18.452005939525144,110.71203563715086,Sunday,June,Monsoon,Meenal,+91-7909567080
2024-08-12,Paracetamol,Vellore,5,14.66701479649225,73.33507398246125,Monday,August,Monsoon,Usha,+91-9368344413
2024-04-05,Paracetamol,Kanchipuram,3,17.749427946660226,53.24828383998068,Friday,April,Spring,Eswari,+91-7768011378
2024-03-20,Antacids,Salem,7,16.25436048130843,113.78052336915903,Wednesday,March,Spring,Vignesh,+91-7029905047
2024-11-01,Ibuprofen,Vellore,7,16.235101090421324,113.64570763294927,Friday,November,Autumn,Bhavani,+91-8542611795
2024-09-07,Vitamins,Chennai,6,13.3885544539104,80.3313267234624,Saturday,September,Autumn,Swathi,+91-9497282187
2024-05-23,Antacids,Tiruchirappalli,9,17.290373089147433,155.6133578023269,Thursday,May,Spring,Tharun,+91-8391275853
2024-11-20,Vitamins,Vellore,2,17.07994078784931,34.15988157569862,Wednesday,November,Autumn,Divya,+91-8840427445
2024-05-15,Antacids,Thanjavur,1,10.365513249944089,10.365513249944089,Wednesday,May,Spring,Lalith,+91-7458561453
2024-08-04,Ibuprofen,Madurai,9,3.583861109840545,32.2547499885649,Sunday,August,Monsoon,Harish,+91-7781455383
2024-07-15,Antacids,Erode,7,18.13052781122765,126.91369467859356,Monday,July,Monsoon,Venkatesh,+91-8976529358
2024-03-24,Vitamins,Kanchipuram,2,1.089361868320608,2.178723736641216,Sunday,March,Spring,Naren,+91-9781973794
2024-01-23,Ibuprofen,Vellore,3,8.891978703634177,26.67593611090253,Tuesday,January,Winter,Tharun,+91-8530174444
2024-11-15,Paracetamol,Erode,5,1.184064912897451,5.920324564487255,Friday,November,Autumn,Ajay,+91-9745749591
2024-04-10,Paracetamol,Chennai,4,19.514132933166607,78.05653173266643,Wednesday,April,Spring,Thavapalan,+91-7729018115
2024-02-07,Vitamins,Madurai,9,17.045144710797192,153.40630239717473,Wednesday,February,Winter,Chandran,+91-8956903729
2024-09-15,Ibuprofen,Coimbatore,8,3.8120770706505933,30.496616565204747,Sunday,September,Autumn,Gokul,+91-9706026886
2024-03-22,Aspirin,Kanchipuram,2,13.867036153165103,27.734072306330205,Friday,March,Spring,Elango,+91-7826778021
2024-11-12,Antacids,Madurai,8,12.12887163796587,97.03097310372696,Tuesday,November,Autumn,Kalyani,+91-7823280669
2024-04-23,Ibuprofen,Thanjavur,4,19.36694095295,77.4677638118,Tuesday,April,Spring,Usha,+91-8528914094
2024-05-27,Paracetamol,Coimbatore,2,17.950153364368614,35.90030672873723,Monday,May,Spring,Meenal,+91-7903862096
2024-09-04,Vitamins,Madurai,2,6.4253428540881625,12.850685708176325,Wednesday,September,Autumn,Pavithra,+91-7292493360
2024-02-25,Ibuprofen,Tiruchirappalli,6,8.590888486090682,51.54533091654409,Sunday,February,Winter,Rakesh,+91-7052329890
2024-04-28,Paracetamol,Coimbatore,2,1.9671700180318321,3.9343400360636642,Sunday,April,Spring,Rajesh,+91-8205691266
2024-08-17,Paracetamol,Tiruchirappalli,5,7.088402490565554,35.44201245282777,Saturday,August,Monsoon,Rukmani,+91-7668602008
2024-04-23,Vitamins,Tirunelveli,2,7.884649635226156,15.769299270452311,Tuesday,April,Spring,Naren,+91-8280508569
2024-07-20,Vitamins,Salem,5,18.500628755101907,92.50314377550953,Saturday,July,Monsoon,Thavapalan,+91-7174109518
2024-05-10,Paracetamol,Tirunelveli,3,12.758473739840824,38.27542121952247,Friday,May,Spring,Tharun,+91-7727540798
2024-06-06,Antacids,Salem,3,2.7682756614788104,8.304826984436431,Thursday,June,Monsoon,Vanitha,+91-8539563675
2024-10-25,Vitamins,Coimbatore,6,4.288372946905898,25.73023768143539,Friday,October,Autumn,Sangeetha,+91-9340139338
2024-07-08,Paracetamol,Kanchipuram,9,2.505503492871358,22.549531435842223,Monday,July,Monsoon,Abhilash,+91-8940686382
2024-06-24,Paracetamol,Vellore,3,17.812688594958626,53.438065784875874,Monday,June,Monsoon,Meera,+91-9585820202
2024-02-27,Paracetamol,Vellore,1,3.4893987992134683,3.4893987992134683,Tuesday,February,Winter,Anjali,+91-7352405957
2024-02-01,Antacids,Thanjavur,2,10.008365370016962,20.016730740033925,Thursday,February,Winter,Vikram,+91-9878132871
2024-02-19,Antacids,Coimbatore,7,5.982910228936988,41.88037160255892,Monday,February,Winter,Suresh,+91-7846613071
2024-11-19,Ibuprofen,Tiruchirappalli,6,17.367946170174996,104.20767702104997,Tuesday,November,Autumn,Rukmani,+91-8797894586
2024-03-21,Paracetamol,Vellore,5,1.88423124120449,9.421156206022449,Thursday,March,Spring,Eswari,+91-9117970632
2024-02-14,Vitamins,Chennai,2,13.319860342594737,26.639720685189474,Wednesday,February,Winter,Ilango,+91-8790396481
2024-11-17,Aspirin,Erode,6,12.453609271156527,74.72165562693917,Sunday,November,Autumn,Vikram,+91-7263922300
2024-06-05,Vitamins,Kanchipuram,1,4.877531143968243,4.877531143968243,Wednesday,June,Monsoon,Siva,+91-7892449858
2024-07-03,Vitamins,Madurai,7,4.046709762229275,28.326968335604924,Wednesday,July,Monsoon,Divya,+91-9153341248
2024-03-12,Ibuprofen,Kanchipuram,1,2.677905617979152,2.677905617979152,Tuesday,March,Spring,Ajay,+91-8216828179
2024-02-29,Aspirin,Erode,5,6.049695436879803,30.248477184399015,Thursday,February,Winter,Arun,+91-7734704487
2024-06-14,Vitamins,Tiruchirappalli,7,4.123163209693703,28.86214246785592,Friday,June,Monsoon,Rakesh,+91-7888001058
2024-02-05,Vitamins,Kanchipuram,1,18.40861784590449,18.40861784590449,Monday,February,Winter,Ishwarya,+91-7219894161
2024-03-11,Aspirin,Kanchipuram,1,13.367793533136416,13.367793533136416,Monday,March,Spring,Siva,+91-9387898253
2024-07-03,Vitamins,Madurai,4,16.087716501460566,64.35086600584226,Wednesday,July,Monsoon,Yamuna,+91-7543219600
2024-04-17,Antacids,Coimbatore,9,3.789586178623338,34.10627560761004,Wednesday,April,Spring,Jothi,+91-8794866725
2024-10-26,Vitamins,Tirunelveli,6,10.423525514504963,62.54115308702978,Saturday,October,Autumn,Ajay,+91-8685237935
2024-09-16,Ibuprofen,Chennai,1,11.529776382740133,11.529776382740133,Monday,September,Autumn,Abhilash,+91-8334395819
2024-12-29,Paracetamol,Madurai,5,16.223812059646644,81.11906029823322,Sunday,December,Winter,Gayathri,+91-9560771026
2024-12-25,Vitamins,Kanchipuram,4,13.97409036359306,55.89636145437224,Wednesday,December,Winter,Chitra,+91-7125492964
2024-11-29,Ibuprofen,Tirunelveli,8,12.360499765139545,98.88399812111636,Friday,November,Autumn,Arun,+91-9853226814
2024-12-25,Ibuprofen,Kanchipuram,8,18.461337466684864,147.6906997334789,Wednesday,December,Winter,Kumar,+91-9073083741
2024-12-05,Vitamins,Erode,4,5.63128407330012,22.52513629320048,Thursday,December,Winter,Jothi,+91-9642731061
2024-03-02,Vitamins,Madurai,4,1.846439163434256,7.385756653737024,Saturday,March,Spring,Harish,+91-9778002619
2024-11-08,Vitamins,Chennai,8,19.439329019146967,155.51463215317574,Friday,November,Autumn,Vijay,+91-8324546809
2024-03-22,Ibuprofen,Madurai,6,5.060436573313616,30.362619439881698,Friday,March,Spring,Rajesh,+91-9378482665
2024-10-28,Paracetamol,Salem,3,9.149063758573844,27.44719127572153,Monday,October,Autumn,Siva,+91-8819757562
2024-07-24,Aspirin,Thanjavur,8,17.196443343457165,137.57154674765732,Wednesday,July,Monsoon,Usha,+91-9335561202
2024-06-21,Aspirin,Tirunelveli,4,5.780386803201347,23.12154721280539,Friday,June,Monsoon,Pavithra,+91-7391064641
2024-05-17,Ibuprofen,Madurai,3,11.290108553463835,33.8703256603915,Friday,May,Spring,Hari,+91-9293211561
2024-06-04,Ibuprofen,Coimbatore,7,15.902699236979673,111.31889465885772,Tuesday,June,Monsoon,Yamuna,+91-9685695298
2024-11-14,Paracetamol,Vellore,1,13.490486015616938,13.490486015616938,Thursday,November,Autumn,Lalitha,+91-7495276179
2024-03-02,Aspirin,Tirunelveli,7,5.566686297971262,38.966804085798834,Saturday,March,Spring,Dinesh,+91-9115113652
2024-09-08,Antacids,Salem,2,9.774423958275147,19.548847916550294,Sunday,September,Autumn,Tharun,+91-7990990543
2024-11-21,Ibuprofen,Salem,1,4.815661254225436,4.815661254225436,Thursday,November,Autumn,Meera,+91-7397513041
2024-06-08,Vitamins,Vellore,9,14.842597127149173,133.58337414434254,Saturday,June,Monsoon,Gayathri,+91-8503580558
2024-01-18,Antacids,Salem,1,19.491855025540854,19.491855025540854,Thursday,January,Winter,Kumar,+91-7703108062
2024-08-22,Antacids,Erode,6,4.585331324666906,27.511987948001433,Thursday,August,Monsoon,Tharun,+91-9913826044
2024-10-20,Paracetamol,Kanchipuram,4,8.686303450727253,34.745213802909014,Sunday,October,Autumn,Yogesh,+91-8671682502
2024-09-28,Vitamins,Tiruchirappalli,4,2.5076211582144334,10.030484632857734,Saturday,September,Autumn,Usha,+91-8523390661
2024-08-13,Vitamins,Salem,1,2.6698697573363663,2.6698697573363663,Tuesday,August,Monsoon,Rajesh,+91-9048278064
2024-12-27,Ibuprofen,Salem,1,16.687216874163113,16.687216874163113,Friday,December,Winter,Gokul,+91-7956632418
2024-12-15,Aspirin,Coimbatore,6,8.385593258064452,50.313559548386706,Sunday,December,Winter,Ishwarya,+91-8696039790
2024-01-30,Paracetamol,Salem,9,13.615642323333962,122.54078091000565,Tuesday,January,Winter,Jothi,+91-9134411596
2024-12-17,Ibuprofen,Coimbatore,1,1.457484389678148,1.457484389678148,Tuesday,December,Winter,Rakesh,+91-7028108160
2024-06-20,Paracetamol,Vellore,1,15.740602771233526,15.740602771233526,Thursday,June,Monsoon,Sangeetha,+91-7893307421
2024-08-05,Aspirin,Coimbatore,3,10.078693593619379,30.23608078085814,Monday,August,Monsoon,Harish,+91-8972016879
2024-07-31,Ibuprofen,Kanchipuram,3,4.237281038696294,12.71184311608888,Wednesday,July,Monsoon,Rukmani,+91-8876350459
2024-04-15,Ibuprofen,Madurai,6,4.460079499846446,26.760476999078676,Monday,April,Spring,Jothi,+91-7883752950
2024-12-22,Vitamins,Coimbatore,7,2.7253790935406705,19.077653654784694,Sunday,December,Winter,Arun,+91-8473705289
2024-07-07,Vitamins,Tirunelveli,7,6.652856809632956,46.56999766743069,Sunday,July,Monsoon,Sangeetha,+91-8346074333
2024-11-10,Ibuprofen,Kanchipuram,9,8.431578530343584,75.88420677309226,Sunday,November,Autumn,Divya,+91-8884636958
2024-06-22,Paracetamol,Thanjavur,7,13.605686797834146,95.23980758483901,Saturday,June,Monsoon,Chandran,+91-7455673891
2024-07-28,Paracetamol,Chennai,5,13.469386582679075,67.34693291339538,Sunday,July,Monsoon,Satish,+91-8649950766
2024-02-24,Aspirin,Chennai,2,12.236923449131535,24.47384689826307,Saturday,February,Winter,Rukmani,+91-8219140396
2024-07-09,Vitamins,Thanjavur,6,4.762778934545331,28.576673607271985,Tuesday,July,Monsoon,Sangeetha,+91-9111948925
2024-09-24,Ibuprofen,Chennai,8,9.841157379963091,78.72925903970473,Tuesday,September,Autumn,Meenal,+91-9867725421
2024-04-03,Aspirin,Kanchipuram,5,11.41053607045932,57.052680352296605,Wednesday,April,Spring,Ravi,+91-9378419473
2024-08-31,Aspirin,Thanjavur,5,12.31550566926234,61.577528346311695,Saturday,August,Monsoon,Naren,+91-7778500987
2024-01-21,Paracetamol,Salem,5,10.69149616488018,53.457480824400896,Sunday,January,Winter,Naren,+91-7543958376
2024-03-05,Antacids,Coimbatore,2,12.940932439278333,25.881864878556666,Tuesday,March,Spring,Usha,+91-9681999576
2024-05-20,Antacids,Vellore,8,14.316572161823641,114.53257729458913,Monday,May,Spring,Murali,+91-8947746279
2024-06-15,Antacids,Kanchipuram,1,8.143286194941467,8.143286194941467,Saturday,June,Monsoon,Ilango,+91-8703108243
2024-12-05,Ibuprofen,Kanchipuram,5,19.740984127068515,98.70492063534257,Thursday,December,Winter,Venkatesh,+91-9488115094
2024-08-07,Antacids,Salem,4,3.5205771547381084,14.082308618952434,Wednesday,August,Monsoon,Chitra,+91-7228808716
2024-06-02,Vitamins,Salem,3,4.337854820277424,13.01356446083227,Sunday,June,Monsoon,Rajesh,+91-8955216295
2024-06-19,Vitamins,Erode,4,8.177415149837156,32.709660599348624,Wednesday,June,Monsoon,Satish,+91-8439378432
2024-12-18,Ibuprofen,Erode,6,3.011619252298261,18.069715513789568,Wednesday,December,Winter,Anjali,+91-7491318281
2024-07-22,Vitamins,Madurai,2,16.986737498253973,33.973474996507946,Monday,July,Monsoon,Ilango,+91-8494701776
2024-10-18,Antacids,Coimbatore,3,16.72844826124528,50.18534478373584,Friday,October,Autumn,Balaji,+91-9716762183
2024-08-17,Paracetamol,Coimbatore,8,5.462119804304076,43.69695843443261,Saturday,August,Monsoon,Sandhya,+91-9319354326
2024-05-15,Ibuprofen,Vellore,1,5.826946525364872,5.826946525364872,Wednesday,May,Spring,Shankar,+91-7368424572
2024-12-23,Ibuprofen,Coimbatore,7,16.173756185865397,113.21629330105777,Monday,December,Winter,Elango,+91-9507759103
2024-06-24,Paracetamol,Kanchipuram,3,16.160159089021192,48.48047726706358,Monday,June,Monsoon,Ravi,+91-8861003862
2024-09-06,Ibuprofen,Vellore,3,9.515851751089379,28.547555253268136,Friday,September,Autumn,Meera,+91-7901112876
2024-04-22,Paracetamol,Chennai,8,15.678743096685974,125.42994477348779,Monday,April,Spring,Jaya,+91-7407920685
2024-06-25,Ibuprofen,Kanchipuram,6,18.546438959510017,111.2786337570601,Tuesday,June,Monsoon,Yamuna,+91-7030848309
2024-11-18,Antacids,Kanchipuram,1,6.89403704550038,6.89403704550038,Monday,November,Autumn,Jothi,+91-7525118940
2024-01-26,Paracetamol,Erode,8,7.0976839585798635,56.78147166863891,Friday,January,Winter,Chandran,+91-7319180656
2024-04-07,Aspirin,Erode,7,17.565870613010997,122.96109429107698,Sunday,April,Spring,Prakash,+91-8094398377
2024-02-04,Vitamins,Salem,5,12.035872047075467,60.17936023537733,Sunday,February,Winter,Elango,+91-9796979101
2024-05-09,Paracetamol,Coimbatore,9,6.186208504612615,55.67587654151354,Thursday,May,Spring,Anjali,+91-7741802645
2024-05-27,Aspirin,Tirunelveli,7,17.309987628161043,121.1699133971273,Monday,May,Spring,Chitra,+91-8858550785
2024-10-17,Paracetamol,Thanjavur,9,9.537288942529031,85.83560048276128,Thursday,October,Autumn,Karthik,+91-9009454134
2024-07-30,Ibuprofen,Coimbatore,1,3.810731430677623,3.810731430677623,Tuesday,July,Monsoon,Jothi,+91-8111966133
2024-11-28,Vitamins,Erode,2,14.509080859277224,29.01816171855445,Thursday,November,Autumn,Siva,+91-8401117825
2024-06-28,Antacids,Tirunelveli,8,3.3824949715711106,27.059959772568885,Friday,June,Monsoon,Divya,+91-7164618102
2024-12-20,Aspirin,Chennai,9,4.618448703552642,41.56603833197378,Friday,December,Winter,Lalith,+91-8881505036
2024-03-29,Vitamins,Tirunelveli,6,9.905566010955878,59.433396065735266,Friday,March,Spring,Lalith,+91-9853970025
2024-10-13,Antacids,Salem,2,16.983827216570855,33.96765443314171,Sunday,October,Autumn,Hari,+91-9324531238
2024-10-25,Antacids,Chennai,8,16.968883652927005,135.75106922341604,Friday,October,Autumn,Chandran,+91-8820649173
2024-04-13,Antacids,Coimbatore,4,1.8653745458220428,7.461498183288171,Saturday,April,Spring,Satish,+91-7731383647
2024-04-02,Vitamins,Salem,3,6.028725809495778,18.086177428487332,Tuesday,April,Spring,Arun,+91-8392570661
2024-10-02,Ibuprofen,Madurai,6,15.723967187403915,94.34380312442349,Wednesday,October,Autumn,Shankar,+91-9671773987
2024-12-18,Antacids,Coimbatore,8,1.8651972500445801,14.921578000356641,Wednesday,December,Winter,Ishwarya,+91-7043869996
2024-01-08,Vitamins,Thanjavur,1,13.871981261400624,13.871981261400624,Monday,January,Winter,Thavapalan,+91-9743030591
2024-11-19,Ibuprofen,Kanchipuram,5,10.33849558446251,51.69247792231255,Tuesday,November,Autumn,Rani,+91-9391164831
2024-03-06,Ibuprofen,Thanjavur,1,19.0038711963716,19.0038711963716,Wednesday,March,Spring,Prakash,+91-7979198814
2024-08-15,Ibuprofen,Tiruchirappalli,1,15.770569017834523,15.770569017834523,Thursday,August,Monsoon,Jaya,+91-7950221918
2024-06-23,Antacids,Coimbatore,4,7.910348750711156,31.641395002844625,Sunday,June,Monsoon,Ganesh,+91-7445847824
2024-12-06,Vitamins,Tiruchirappalli,2,18.13929858919302,36.27859717838604,Friday,December,Winter,Vanitha,+91-7005395411
2024-06-29,Aspirin,Coimbatore,4,10.55082970142656,42.20331880570624,Saturday,June,Monsoon,Ishwarya,+91-8231979340
2024-12-29,Antacids,Vellore,2,8.621843771392207,17.243687542784414,Sunday,December,Winter,Tharun,+91-9752491831
2024-02-06,Paracetamol,Salem,2,13.084351428140646,26.168702856281293,Tuesday,February,Winter,Vanitha,+91-9965696581
2024-10-26,Antacids,Madurai,5,17.71322452856281,88.56612264281407,Saturday,October,Autumn,Yamuna,+91-8670323733
