Date,Product Name,City,Quantity Sold,Price,Revenue,Day of Week,Month,Season,Customer Name,Phonenumber,Is_Regular
2024-02-17,Paracetamol,Kanchipuram,4,17.097783036898385,68.39113214759354,Saturday,February,Winter,Yogesh,00009214860,False
2024-10-04,Aspirin,Erode,8,17.943687014859517,143.54949611887614,Friday,October,Autumn,Ganesh,1225860553,False
2024-11-10,Ibuprofen,Madurai,8,11.049003475305184,88.39202780244148,Sunday,November,Autumn,Eswari,2787844988,False
2024-12-03,Ibuprofen,Vellore,5,1.3841495513661886,6.920747756830943,Tuesday,December,Winter,Eswari,03726041211,False
2024-07-16,Paracetamol,Salem,4,16.18401272011775,64.736050880471,Tuesday,July,Monsoon,Elango,+918327763977,False
2024-10-12,Antacids,Kanchipuram,8,13.158499405222953,105.26799524178362,Saturday,October,Autumn,Elango,08962861876,False
2024-07-04,Paracetamol,Erode,8,6.026556629987913,48.2124530399033,Thursday,July,Monsoon,Vijay,03881108754,False
2024-01-10,Vitamins,Salem,1,1.3570062082907477,1.3570062082907477,Tuesday,July,Monsoon,Ishwarya,08556260149,True
2024-02-08,Paracetamol,Erode,2,18.93121349177786,37.86242698355572,Thursday,February,Winter,Lalitha,1086134322,True
2024-02-12,Aspirin,Vellore,2,14.254992722618033,28.509985445236065,Monday,February,Winter,Chandran,6410840789,False
2024-02-27,Antacids,Madurai,8,4.247282117584858,33.97825694067886,Tuesday,February,Winter,Chandran,2329205718,False
2024-04-01,Paracetamol,Kanchipuram,6,7.175897351158697,43.05538410695218,Monday,April,Spring,Rani,0696166706,False
2024-03-25,Antacids,Erode,7,2.9388514042125333,20.57195982948773,Monday,March,Spring,Suresh,+915454185315,False
2024-05-11,Vitamins,Erode,5,5.81254044825586,29.0627022412793,Saturday,May,Spring,Rukmini,+914564697826,False
2024-05-28,Antacids,Thanjavur,6,13.470262199840196,80.82157319904118,Tuesday,May,Spring,Ajay,+910901753654,False
2024-03-10,Ibuprofen,Kanchipuram,1,13.588010472050842,13.588010472050842,Sunday,March,Spring,Satish,08962141987,False
2024-09-13,Ibuprofen,Salem,5,2.8258697499852983,14.129348749926491,Friday,September,Autumn,Nisha,4603185508,False
2024-04-08,Aspirin,Tirunelveli,8,9.572025075897635,76.57620060718108,Monday,April,Spring,Harish,+911474990286,False
2024-02-13,Aspirin,Thanjavur,3,14.084562473309637,42.25368741992891,Tuesday,February,Winter,Shankar,02858190053,False
2024-08-10,Antacids,Kanchipuram,3,11.738588465492631,35.21576539647789,Saturday,August,Monsoon,Hari,05132637327,False
2024-07-28,Aspirin,Coimbatore,2,2.5791373599814453,5.158274719962891,Sunday,July,Monsoon,Thavapalan,07276439173,False
2024-02-13,Paracetamol,Salem,4,13.296308663563554,53.18523465425422,Tuesday,February,Winter,Chitra,+915760375803,False
2024-05-08,Antacids,Kanchipuram,9,4.133868744595798,37.204818701362186,Wednesday,May,Spring,Kalyani,5933813986,False
2024-10-13,Paracetamol,Salem,4,14.37100830650841,57.48403322603364,Sunday,October,Autumn,Kumar,2635784049,False
2024-09-26,Paracetamol,Vellore,9,11.946989353938902,107.52290418545012,Thursday,September,Autumn,Arun,+918848260355,False
2024-09-05,Vitamins,Kanchipuram,1,17.081764776951427,17.081764776951427,Thursday,September,Autumn,Rakesh,07582322663,False
2024-05-19,Vitamins,Madurai,9,5.746129237444584,51.715163137001255,Sunday,May,Spring,Dinesh,+918061445373,False
2024-05-29,Ibuprofen,Tirunelveli,7,11.130918824416316,77.91643177091422,Wednesday,May,Spring,Harish,0155623213,False
2024-06-10,Paracetamol,Tirunelveli,5,12.521471068430563,62.607355342152815,Monday,June,Monsoon,Ganesh,+910383659882,False
2024-11-22,Paracetamol,Vellore,3,17.6905916152448,53.071774845734396,Friday,November,Autumn,Anjali,+918892786291,False
2024-09-24,Ibuprofen,Chennai,7,13.41081557728554,93.87570904099877,Tuesday,September,Autumn,Ajay,03143189247,False
2024-03-08,Aspirin,Kanchipuram,7,19.696802585918782,137.87761810143147,Friday,March,Spring,Eswari,+918003715139,False
2024-08-03,Antacids,Tirunelveli,9,7.693921562810128,69.24529406529115,Saturday,August,Monsoon,Uma,2617587657,False
2024-05-05,Vitamins,Vellore,3,10.657993522998927,31.97398056899678,Sunday,May,Spring,Kalyani,+917034049669,False
2024-01-08,Antacids,Erode,6,11.812914033677274,70.87748420206364,Friday,May,Spring,Ravi,09497399540,True
2024-10-22,Ibuprofen,Coimbatore,8,9.617310970883308,76.93848776706646,Tuesday,October,Autumn,Hari,00904339828,False
2024-12-30,Antacids,Coimbatore,8,7.839583225088914,62.71666580071131,Monday,December,Winter,Abhilash,+912907679999,False
2024-12-19,Vitamins,Salem,3,10.30142980093078,30.90428940279234,Thursday,December,Winter,Pavithra,+915069087380,False
2024-08-20,Vitamins,Tirunelveli,3,5.2545690731472225,15.763707219441667,Tuesday,August,Monsoon,Uma,+913443235551,False
2024-02-18,Paracetamol,Vellore,2,15.889240660735881,31.778481321471762,Wednesday,September,Autumn,Lalitha,5792208487,True
2024-12-13,Paracetamol,Erode,5,19.85553157888402,99.27765789442009,Friday,December,Winter,Hari,+910012773607,False
2024-12-25,Vitamins,Kanchipuram,3,12.208289550736849,36.624868652210544,Wednesday,December,Winter,Gayathri,9652035479,False
2024-10-16,Aspirin,Chennai,5,4.987031230527321,24.935156152636605,Wednesday,October,Autumn,Satish,09263841289,False
2024-12-23,Vitamins,Tiruchirappalli,3,19.434496978825912,58.303490936477736,Monday,December,Winter,Uma,+918095584738,False
2024-02-09,Antacids,Madurai,2,6.924121757887949,13.848243515775899,Friday,February,Winter,Pavithra,+917561433840,False
2024-12-14,Antacids,Kanchipuram,2,11.307476725197551,22.614953450395102,Saturday,December,Winter,Rani,5998986736,False
2024-07-20,Ibuprofen,Salem,1,13.864549906514622,13.864549906514622,Saturday,July,Monsoon,Siva,+916913583190,False
2024-07-28,Ibuprofen,Tirunelveli,7,13.598485858901915,95.18940101231341,Sunday,July,Monsoon,Naren,+910562896323,False
2024-06-13,Paracetamol,Erode,4,18.1840745380954,72.7362981523816,Thursday,June,Monsoon,Suresh,08141106822,False
2024-12-13,Antacids,Thanjavur,1,17.58036245350051,17.58036245350051,Friday,December,Winter,Meera,08748531328,False
2024-03-28,Aspirin,Chennai,9,19.103041482466946,171.92737334220251,Thursday,March,Spring,Meenal,+910712715607,False
2024-07-22,Vitamins,Erode,1,14.886260328632998,14.886260328632998,Monday,July,Monsoon,Shankar,+914024152752,False
2024-10-11,Vitamins,Salem,5,9.963279846963223,49.81639923481612,Friday,October,Autumn,Chitra,+918463621669,False
2024-03-24,Paracetamol,Tiruchirappalli,1,5.082733998260985,5.082733998260985,Sunday,March,Spring,Ilango,06512298565,False
2024-05-19,Vitamins,Thanjavur,5,4.323268611880643,21.616343059403214,Sunday,May,Spring,Ajay,5370986150,False
2024-11-03,Antacids,Coimbatore,3,4.482316888067494,13.446950664202483,Sunday,November,Autumn,Usha,+910658230376,False
2024-06-07,Aspirin,Thanjavur,3,15.192890563790565,45.578671691371696,Friday,June,Monsoon,Elango,4652576554,False
2024-11-22,Aspirin,Tiruchirappalli,1,11.491656928525725,11.491656928525725,Friday,November,Autumn,Vanitha,8784670194,False
2024-06-03,Vitamins,Kanchipuram,2,5.5757468183934895,11.151493636786979,Monday,June,Monsoon,Sandhya,01882544866,False
2024-09-26,Ibuprofen,Madurai,7,1.1755613962442746,8.228929773709922,Thursday,September,Autumn,Yogesh,06207122561,False
2024-07-27,Paracetamol,Madurai,9,2.2151500562986413,19.93635050668777,Saturday,July,Monsoon,Kumar,+918267646579,False
2024-08-15,Ibuprofen,Thanjavur,5,7.425020084900067,37.12510042450034,Thursday,August,Monsoon,Rakesh,4842901037,False
2024-02-26,Aspirin,Thanjavur,9,14.595661991721757,131.36095792549582,Monday,February,Winter,Sandhya,8998654436,False
2024-11-01,Ibuprofen,Erode,2,4.692502235916681,9.385004471833362,Friday,November,Autumn,Yogesh,04232102525,False
2024-01-30,Ibuprofen,Kanchipuram,6,15.828106370976256,94.96863822585753,Tuesday,January,Winter,Bhavani,00846200698,False
2024-01-08,Ibuprofen,Chennai,7,8.003107516462734,56.02175261523914,Monday,January,Winter,Chitra,7753512131,False
2024-07-28,Vitamins,Tiruchirappalli,1,10.715060668382664,10.715060668382664,Sunday,July,Monsoon,Meera,07603347043,False
2024-03-06,Vitamins,Erode,5,11.815004441778884,59.07502220889442,Wednesday,March,Spring,Suresh,+919656483555,False
2024-05-18,Paracetamol,Erode,7,8.73758225686234,61.163075798036374,Saturday,May,Spring,Karthik,7387023626,False
2024-04-21,Antacids,Kanchipuram,3,14.786292920000996,44.35887876000299,Sunday,April,Spring,Usha,+914990418982,False
2024-08-13,Antacids,Kanchipuram,5,2.510919569148359,12.554597845741796,Tuesday,August,Monsoon,Divya,7541920620,False
2024-05-08,Paracetamol,Erode,4,15.29055589877074,61.16222359508296,Wednesday,May,Spring,Satish,6945222544,False
2024-08-14,Ibuprofen,Vellore,2,5.866651970879533,11.733303941759067,Wednesday,August,Monsoon,Gayathri,2981178268,False
2024-08-12,Paracetamol,Kanchipuram,6,9.666670769209114,58.00002461525469,Monday,August,Monsoon,Abhilash,4426435357,False
2024-05-05,Paracetamol,Madurai,5,8.21861216210229,41.093060810511446,Sunday,May,Spring,Meenal,2894261133,False
2024-04-18,Antacids,Madurai,5,14.24294759277476,71.2147379638738,Thursday,April,Spring,Pavithra,6707760632,False
2024-09-13,Antacids,Coimbatore,4,12.16439306873139,48.65757227492556,Friday,September,Autumn,Swathi,4083587738,False
2024-06-20,Paracetamol,Vellore,4,1.8476337238281677,7.390534895312671,Thursday,June,Monsoon,Venkatesh,+915219792940,False
2024-08-14,Antacids,Thanjavur,1,6.829391891358727,6.829391891358727,Wednesday,August,Monsoon,Hema,8705433169,False
2024-02-02,Antacids,Madurai,2,10.030499396263703,20.060998792527407,Friday,February,Winter,Lalith,5526744727,False
2024-06-27,Ibuprofen,Erode,2,6.274325856903555,12.54865171380711,Thursday,June,Monsoon,Anjali,03654099359,False
2024-07-04,Vitamins,Coimbatore,5,11.999525363238996,59.99762681619498,Thursday,July,Monsoon,Thavapalan,02661584646,False
2024-12-31,Aspirin,Kanchipuram,8,8.581481112358938,68.6518488988715,Tuesday,December,Winter,Kumar,3010403320,False
2024-07-26,Aspirin,Kanchipuram,7,14.608639310142355,102.26047517099649,Friday,July,Monsoon,Chitra,+912905615201,False
2024-04-14,Paracetamol,Thanjavur,7,10.565121130859099,73.9558479160137,Sunday,April,Spring,Karthik,03713380232,False
2024-01-16,Ibuprofen,Madurai,6,19.085615059821986,114.51369035893191,Tuesday,January,Winter,Nisha,07419486040,False
2024-08-08,Ibuprofen,Coimbatore,3,19.85616094242746,59.56848282728238,Thursday,August,Monsoon,Meenal,+918597763587,False
2024-08-17,Antacids,Madurai,5,8.570250913773865,42.85125456886932,Saturday,August,Monsoon,Lalith,5067904817,False
2024-06-23,Aspirin,Chennai,1,1.6327879043872278,1.6327879043872278,Sunday,June,Monsoon,Oviya,05977511214,False
2024-05-05,Aspirin,Tirunelveli,9,17.061795954584557,153.55616359126103,Sunday,May,Spring,Balaji,9026676909,False
2024-07-16,Paracetamol,Salem,4,2.8710820639154457,11.484328255661783,Tuesday,July,Monsoon,Shankar,+911118808302,False
2024-06-20,Antacids,Vellore,7,5.42213845630208,37.95496919411456,Thursday,June,Monsoon,Venkatesh,+917838639928,False
2024-04-25,Aspirin,Madurai,6,2.293407405519684,13.760444433118103,Thursday,April,Spring,Naren,+916581385066,False
2024-11-25,Vitamins,Madurai,6,3.4900493930898975,20.940296358539385,Monday,November,Autumn,Dinesh,+914297690614,False
2024-02-05,Antacids,Vellore,6,1.86753319779059,11.20519918674354,Monday,February,Winter,Jaya,2520412047,False
2024-06-02,Ibuprofen,Tiruchirappalli,7,6.942312619696962,48.59618833787873,Sunday,June,Monsoon,Chitra,09422833540,False
2024-03-19,Paracetamol,Thanjavur,6,13.651323233624566,81.9079394017474,Tuesday,March,Spring,Hema,03798100185,False
2024-05-18,Aspirin,Coimbatore,4,14.4249194191866,57.6996776767464,Saturday,May,Spring,Suresh,8123974347,False
2024-07-16,Aspirin,Erode,2,7.900063898968481,15.800127797936963,Tuesday,July,Monsoon,Rani,06675251802,False
2024-06-01,Antacids,Tiruchirappalli,9,7.6218680203587015,68.59681218322831,Saturday,June,Monsoon,Nisha,+913672332924,False
2024-06-01,Ibuprofen,Salem,2,18.194018565448612,36.388037130897224,Saturday,June,Monsoon,Satish,07705067900,False
2024-08-23,Paracetamol,Erode,2,19.06809961005249,38.13619922010498,Friday,August,Monsoon,Meenal,+916277286268,False
2024-01-05,Paracetamol,Salem,4,3.1625161674073623,12.65006466962945,Sunday,April,Spring,Sangeetha,00486994286,True
2024-02-03,Aspirin,Erode,1,13.922195214914808,13.922195214914808,Sunday,June,Monsoon,Ravi,08254295322,True
2024-05-26,Vitamins,Thanjavur,4,6.78489974016907,27.13959896067628,Sunday,May,Spring,Vijay,6800783801,False
2024-04-26,Paracetamol,Salem,4,4.828836553141148,19.31534621256459,Friday,April,Spring,Venkatesh,02412085088,False
2024-10-12,Antacids,Erode,2,19.391345765480313,38.782691530960626,Saturday,October,Autumn,Abhilash,03111883364,False
2024-02-12,Aspirin,Thanjavur,5,13.766233309319164,68.83116654659582,Monday,February,Winter,Sandhya,0948704170,False
2024-09-22,Aspirin,Erode,6,18.01233180147599,108.07399080885594,Sunday,September,Autumn,Rajesh,06999054587,False
2024-04-15,Aspirin,Vellore,2,12.252377956474898,24.504755912949797,Monday,April,Spring,Murali,+910677624375,False
2024-10-16,Aspirin,Kanchipuram,3,6.187169124584188,18.561507373752566,Wednesday,October,Autumn,Prakash,+910363428598,False
2024-08-10,Vitamins,Vellore,3,10.61146129268086,31.83438387804258,Saturday,August,Monsoon,Thavapalan,+910561430103,False
2024-01-13,Antacids,Vellore,3,15.261305435650762,45.783916306952285,Thursday,August,Monsoon,Rukmani,1335847741,True
2024-10-28,Paracetamol,Kanchipuram,7,18.128176739955006,126.89723717968504,Monday,October,Autumn,Ganesh,8082522105,False
2024-06-11,Aspirin,Salem,7,15.061852986735968,105.43297090715177,Tuesday,June,Monsoon,Anjali,+916643881707,False
2024-05-08,Vitamins,Coimbatore,3,4.893550052234334,14.680650156703,Wednesday,May,Spring,Kalyani,06329231660,False
2024-04-28,Ibuprofen,Thanjavur,6,11.329883022733808,67.97929813640285,Sunday,April,Spring,Ajay,02520681984,False
2024-01-07,Antacids,Salem,6,1.46602054745113,8.79612328470678,Sunday,January,Winter,Hema,+911575937791,False
2024-11-03,Aspirin,Coimbatore,4,1.4619507944929977,5.847803177971991,Sunday,November,Autumn,Oviya,00639064514,False
2024-06-30,Antacids,Chennai,6,6.505741642490998,39.03444985494599,Sunday,June,Monsoon,Rukmini,09411990934,False
2024-02-29,Vitamins,Coimbatore,6,13.296736423986685,79.7804185439201,Sunday,January,Winter,Ravi,4805817370,True
2024-02-10,Aspirin,Tiruchirappalli,6,14.233166183327551,85.3989970999653,Saturday,February,Winter,Gokul,3750668119,False
2024-04-05,Paracetamol,Tirunelveli,1,1.5529002698210093,1.5529002698210093,Friday,April,Spring,Satish,+915878171712,False
2024-04-03,Paracetamol,Thanjavur,7,16.326717180958603,114.28702026671021,Wednesday,April,Spring,Hema,+914810511045,False
2024-03-24,Vitamins,Tiruchirappalli,2,12.757697196586154,25.515394393172308,Sunday,March,Spring,Vignesh,+912414695964,False
2024-05-15,Vitamins,Tirunelveli,1,10.551694461761157,10.551694461761157,Wednesday,May,Spring,Rajesh,6816432933,False
2024-09-09,Antacids,Kanchipuram,1,16.76805000346352,16.76805000346352,Monday,September,Autumn,Hema,07306948609,False
2024-04-26,Paracetamol,Vellore,1,8.393558864922529,8.393558864922529,Friday,April,Spring,Thavapalan,+914728749006,False
2024-01-10,Vitamins,Madurai,2,9.481493894180856,18.962987788361712,Wednesday,January,Winter,Anjali,+915434843787,False
2024-11-23,Antacids,Thanjavur,7,7.864807950204608,55.05365565143226,Saturday,November,Autumn,Vignesh,+916871024292,False
2024-03-21,Antacids,Salem,8,10.018691772572145,80.14953418057716,Thursday,March,Spring,Kalyani,6282525684,False
2024-03-31,Aspirin,Madurai,2,13.779063914633905,27.55812782926781,Sunday,March,Spring,Nisha,+916352558534,False
2024-11-11,Paracetamol,Tiruchirappalli,5,1.0588912806033495,5.294456403016747,Monday,November,Autumn,Dinesh,01118948506,False
2024-10-02,Antacids,Vellore,1,19.611011657373712,19.611011657373712,Wednesday,October,Autumn,Venkatesh,+917066953815,False
2024-09-10,Paracetamol,Madurai,9,6.875774503315117,61.88197052983605,Tuesday,September,Autumn,Vignesh,+919708845577,False
2024-09-12,Antacids,Erode,5,10.775742122676379,53.87871061338189,Thursday,September,Autumn,Nisha,0615720871,False
2024-08-02,Vitamins,Tiruchirappalli,9,7.735615021282993,69.62053519154694,Friday,August,Monsoon,Vikram,05955685695,False
2024-10-23,Antacids,Chennai,6,19.708000836416833,118.248005018501,Wednesday,October,Autumn,Elango,09726289466,False
2024-12-21,Vitamins,Chennai,8,19.54828760562258,156.38630084498064,Saturday,December,Winter,Sandhya,00039823131,False
2024-10-20,Aspirin,Coimbatore,7,3.8060259859274397,26.642181901492076,Sunday,October,Autumn,Bhavani,6064240306,False
2024-04-11,Ibuprofen,Chennai,1,5.951944670959778,5.951944670959778,Thursday,April,Spring,Ajay,+915668404066,False
2024-08-27,Antacids,Chennai,8,15.162563404998567,121.30050723998853,Tuesday,August,Monsoon,Siva,02129217667,False
2024-07-18,Paracetamol,Erode,3,15.837691524821285,47.51307457446386,Thursday,July,Monsoon,Gokul,06776264498,False
2024-09-21,Aspirin,Tiruchirappalli,7,18.076432163858332,126.53502514700833,Saturday,September,Autumn,Balaji,6932454679,False
2024-04-27,Antacids,Erode,6,12.040556663769198,72.2433399826152,Saturday,April,Spring,Vanitha,0301100708,False
2024-03-29,Ibuprofen,Erode,3,2.112163522475617,6.33649056742685,Friday,March,Spring,Hari,+911458213934,False
2024-01-25,Aspirin,Kanchipuram,4,19.377926811951554,77.51170724780621,Thursday,January,Winter,Murali,09592908274,False
2024-03-22,Aspirin,Madurai,3,8.672062072679356,26.01618621803807,Friday,March,Spring,Kumar,02782029965,False
2024-05-25,Ibuprofen,Erode,6,13.144551085282458,78.86730651169475,Saturday,May,Spring,Suresh,+914462839005,False
2024-04-21,Aspirin,Salem,2,2.330801612748248,4.661603225496496,Sunday,April,Spring,Murali,09792987118,False
2024-01-12,Ibuprofen,Coimbatore,2,7.157571138453013,14.315142276906027,Friday,January,Winter,Gokul,+916477467120,False
2024-03-30,Paracetamol,Madurai,4,6.341906354574983,25.367625418299934,Saturday,March,Spring,Jothi,3762967084,False
2024-09-16,Aspirin,Salem,6,2.6194281455958808,15.716568873575284,Monday,September,Autumn,Abhilash,1745232034,False
2024-11-30,Antacids,Erode,8,2.962664946617634,23.70131957294107,Saturday,November,Autumn,Ajay,+915947896327,False
2024-12-24,Ibuprofen,Kanchipuram,8,8.680628740845917,69.44502992676733,Tuesday,December,Winter,Elango,0175946746,False
2024-07-24,Aspirin,Thanjavur,9,7.749278764153531,69.74350887738179,Wednesday,July,Monsoon,Gayathri,9679938532,False
2024-11-20,Antacids,Madurai,7,6.8401462251701055,47.88102357619074,Wednesday,November,Autumn,Meera,02183586765,False
2024-08-24,Antacids,Tiruchirappalli,8,1.4739497679155638,11.79159814332451,Saturday,August,Monsoon,Rani,+911729838320,False
2024-01-19,Paracetamol,Thanjavur,2,18.312746068057827,36.62549213611565,Friday,January,Winter,Ishwarya,0928318350,True
2024-12-07,Paracetamol,Coimbatore,9,14.545610206028073,130.91049185425265,Saturday,December,Winter,Naren,07683732209,False
2024-12-03,Antacids,Vellore,6,4.047477189824717,24.2848631389483,Tuesday,December,Winter,Naren,09789775853,False
2024-03-19,Ibuprofen,Coimbatore,8,4.661641558703976,37.29313246963181,Tuesday,March,Spring,Pavithra,+914906076299,False
2024-05-24,Ibuprofen,Tirunelveli,2,5.826479389766788,11.652958779533575,Friday,May,Spring,Dinesh,00225869843,False
2024-10-23,Paracetamol,Kanchipuram,3,6.269465154799627,18.80839546439888,Wednesday,October,Autumn,Rajesh,8521289391,False
2024-05-30,Paracetamol,Tiruchirappalli,4,19.443897412642023,77.7755896505681,Thursday,May,Spring,Murali,9931445895,False
2024-06-22,Aspirin,Erode,1,14.040878942281257,14.040878942281257,Saturday,June,Monsoon,Anjali,06177640224,False
2024-07-14,Paracetamol,Tirunelveli,2,10.645075397574532,21.290150795149064,Sunday,July,Monsoon,Nisha,3465581056,False
2024-12-04,Ibuprofen,Madurai,8,17.670576994308274,141.3646159544662,Wednesday,December,Winter,Arun,+915657537291,False
2024-11-10,Paracetamol,Salem,5,13.229883661207259,66.1494183060363,Sunday,November,Autumn,Anjali,06613505339,False
2024-08-23,Antacids,Thanjavur,3,16.045711822987126,48.137135468961375,Friday,August,Monsoon,Yogesh,02556642096,False
2024-02-19,Ibuprofen,Thanjavur,1,4.154908665903667,4.154908665903667,Monday,February,Winter,Vanitha,03283628866,False
2024-07-13,Ibuprofen,Erode,7,10.385198845757246,72.69639192030073,Saturday,July,Monsoon,Gokul,3352072715,False
2024-05-30,Aspirin,Salem,9,9.1111828440104,82.0006455960936,Thursday,May,Spring,Yogesh,01670660233,False
2024-10-17,Paracetamol,Kanchipuram,8,1.6946587269648674,13.55726981571894,Thursday,October,Autumn,Pavithra,3023424407,False
2024-05-18,Vitamins,Chennai,4,6.397636565061123,25.59054626024449,Saturday,May,Spring,Gokul,9665594667,False
2024-10-12,Antacids,Salem,8,13.802909521442398,110.42327617153919,Saturday,October,Autumn,Bhavani,+910082161060,False
2024-06-17,Antacids,Tiruchirappalli,1,12.325234811541987,12.325234811541987,Monday,June,Monsoon,Vijay,4243210543,False
2024-05-11,Ibuprofen,Kanchipuram,8,15.62937653875169,125.03501231001351,Saturday,May,Spring,Jaya,08637010143,False
2024-12-12,Vitamins,Madurai,1,17.613598424422005,17.613598424422005,Thursday,December,Winter,Murali,04261740265,False
2024-09-02,Antacids,Kanchipuram,7,14.798316478813003,103.58821535169102,Monday,September,Autumn,Kalyani,9875717671,False
2024-10-12,Vitamins,Salem,2,4.956811790308192,9.913623580616385,Saturday,October,Autumn,Meera,9050971881,False
2024-02-29,Vitamins,Thanjavur,1,4.023778501902614,4.023778501902614,Thursday,February,Winter,Sandhya,+916787710271,False
2024-01-28,Paracetamol,Tirunelveli,5,17.234740533767514,86.17370266883756,Friday,August,Monsoon,Ishwarya,+910444125258,True
2024-06-14,Aspirin,Erode,8,14.585999351838174,116.68799481470539,Friday,June,Monsoon,Kumar,+918774831967,False
2024-04-15,Vitamins,Tirunelveli,3,13.703511107932352,41.11053332379706,Monday,April,Spring,Murali,02370278794,False
2024-02-28,Paracetamol,Tirunelveli,2,11.926478436475977,23.852956872951953,Friday,October,Autumn,Lalitha,03073463310,True
2024-08-13,Paracetamol,Chennai,7,19.485323123695647,136.39726186586952,Tuesday,August,Monsoon,Oviya,9279678959,False
2024-04-09,Vitamins,Salem,4,14.49865943058534,57.99463772234136,Tuesday,April,Spring,Vignesh,3456972102,False
2024-09-27,Antacids,Vellore,2,12.807987688520727,25.615975377041455,Friday,September,Autumn,Hari,+912422425652,False
2024-05-11,Ibuprofen,Tiruchirappalli,4,7.452989839157784,29.811959356631135,Saturday,May,Spring,Usha,02663426296,False
2024-02-26,Aspirin,Chennai,9,18.080260752313603,162.7223467708224,Monday,February,Winter,Vignesh,+910932020405,False
2024-12-22,Aspirin,Chennai,3,9.490662314977783,28.47198694493335,Sunday,December,Winter,Shankar,3000213671,False
2024-09-07,Vitamins,Thanjavur,6,14.903139523224963,89.41883713934978,Saturday,September,Autumn,Rukmini,+917921921222,False
2024-05-20,Ibuprofen,Tirunelveli,2,15.804409232734846,31.608818465469692,Monday,May,Spring,Abhilash,+912243363851,False
2024-10-15,Vitamins,Salem,2,3.688623226816105,7.37724645363221,Tuesday,October,Autumn,Suresh,0222179883,False
2024-03-22,Vitamins,Thanjavur,6,7.180639345340538,43.083836072043226,Friday,March,Spring,Karthik,1078024757,False
2024-10-01,Vitamins,Salem,3,18.720645099334124,56.161935298002376,Tuesday,October,Autumn,Ajay,6116550055,False
2024-10-02,Paracetamol,Thanjavur,4,7.615646912183882,30.46258764873553,Wednesday,October,Autumn,Hari,08363403635,False
2024-10-03,Antacids,Chennai,7,18.45238257261665,129.16667800831655,Thursday,October,Autumn,Balaji,03945693014,False
2024-12-28,Paracetamol,Erode,4,4.125279822181671,16.501119288726684,Saturday,December,Winter,Venkatesh,2426756037,False
2024-01-31,Paracetamol,Vellore,4,11.763616032794092,47.05446413117637,Wednesday,January,Winter,Hari,06959787950,False
2024-03-01,Paracetamol,Tirunelveli,8,10.829195586805522,86.63356469444417,Friday,March,Spring,Meera,1130943922,False
2024-04-26,Vitamins,Tirunelveli,5,14.90104055245144,74.5052027622572,Friday,April,Spring,Karthik,+919441669916,False
2024-10-29,Paracetamol,Erode,8,5.5222142723191014,44.17771417855281,Tuesday,October,Autumn,Sandhya,1089176945,False
2024-04-29,Aspirin,Salem,2,15.37642062887867,30.75284125775734,Monday,April,Spring,Ganesh,9601019932,False
2024-12-16,Ibuprofen,Thanjavur,2,10.74520113816332,21.49040227632664,Monday,December,Winter,Kumar,09662466423,False
2024-09-01,Ibuprofen,Erode,6,14.408490835802546,86.45094501481528,Sunday,September,Autumn,Naren,+914345460116,False
2024-02-18,Antacids,Coimbatore,6,14.827654191073943,88.96592514644365,Sunday,February,Winter,Oviya,+915645167613,False
2024-01-02,Ibuprofen,Thanjavur,5,4.084801010340669,20.424005051703347,Tuesday,January,Winter,Meenal,2232264974,False
2024-04-06,Antacids,Kanchipuram,3,10.121156868594356,30.36347060578307,Saturday,April,Spring,Oviya,+915062899742,False
2024-04-22,Aspirin,Coimbatore,4,5.181973354837221,20.727893419348884,Monday,April,Spring,Sandhya,+913242791228,False
2024-03-05,Vitamins,Erode,1,17.2281828159417,17.2281828159417,Tuesday,March,Spring,Siva,4727250216,False
2024-12-07,Paracetamol,Salem,8,2.3144705170554003,18.515764136443202,Saturday,December,Winter,Uma,4578468367,False
2024-10-11,Ibuprofen,Tirunelveli,3,9.438306775837631,28.314920327512894,Friday,October,Autumn,Elango,05020394899,False
2024-04-21,Ibuprofen,Salem,9,6.779297590395685,61.013678313561165,Sunday,April,Spring,Pavithra,9987338762,False
2024-11-23,Vitamins,Kanchipuram,2,14.754886571525192,29.509773143050385,Saturday,November,Autumn,Ajay,+913345687034,False
2024-07-03,Paracetamol,Tiruchirappalli,4,12.9581574562613,51.8326298250452,Wednesday,July,Monsoon,Sandhya,6706772960,False
2024-09-30,Paracetamol,Madurai,2,2.158905128849904,4.317810257699808,Monday,September,Autumn,Suresh,01163591071,False
2024-11-28,Aspirin,Thanjavur,1,3.24440733182074,3.24440733182074,Thursday,November,Autumn,Uma,+911523029783,False
2024-11-12,Ibuprofen,Tiruchirappalli,2,18.485163332456427,36.970326664912854,Tuesday,November,Autumn,Murali,02555964690,False
2024-07-21,Vitamins,Erode,5,11.907746014825314,59.53873007412657,Sunday,July,Monsoon,Naren,+919104226985,False
2024-03-27,Aspirin,Kanchipuram,1,3.0419787876072863,3.0419787876072863,Wednesday,March,Spring,Oviya,04538782386,False
2024-12-26,Ibuprofen,Erode,1,5.629879630343412,5.629879630343412,Thursday,December,Winter,Meera,+912581459366,False
2024-01-30,Antacids,Coimbatore,6,15.137923388104872,90.82754032862923,Tuesday,January,Winter,Divya,+917716650364,False
2024-06-03,Vitamins,Tiruchirappalli,9,18.69045525877595,168.21409732898354,Monday,June,Monsoon,Vikram,1678770087,False
2024-06-09,Ibuprofen,Chennai,9,19.920490566233067,179.2844150960976,Sunday,June,Monsoon,Meera,+915334752008,False
2024-12-16,Ibuprofen,Tirunelveli,4,18.93316628966557,75.73266515866229,Monday,December,Winter,Swathi,07833071434,False
2024-11-08,Vitamins,Chennai,3,6.0407631662039005,18.1222894986117,Friday,November,Autumn,Bhavani,4333374290,False
2024-04-30,Aspirin,Chennai,4,9.601879432107678,38.40751772843071,Tuesday,April,Spring,Rakesh,+918713019919,False
2024-04-03,Paracetamol,Madurai,3,4.791061136054747,14.373183408164241,Wednesday,April,Spring,Oviya,+918253568382,False
2024-01-27,Paracetamol,Erode,4,1.2566654259076588,5.026661703630635,Saturday,January,Winter,Satish,5296804772,False
2024-05-26,Ibuprofen,Tirunelveli,5,5.422680771441129,27.113403857205647,Sunday,May,Spring,Lalith,05822602615,False
2024-05-26,Antacids,Chennai,2,5.3562457856096355,10.712491571219271,Sunday,May,Spring,Yogesh,03620864515,False
2024-08-19,Aspirin,Thanjavur,1,2.1547849697652013,2.1547849697652013,Monday,August,Monsoon,Karthik,7196455191,False
2024-10-28,Antacids,Tiruchirappalli,3,1.5739558042035988,4.721867412610797,Monday,October,Autumn,Sandhya,06687707663,False
2024-01-30,Paracetamol,Kanchipuram,9,18.02231264962743,162.20081384664687,Friday,January,Winter,Sangeetha,9341600366,True
2024-11-30,Vitamins,Madurai,7,5.628846968557074,39.40192877989952,Saturday,November,Autumn,Hema,09672335392,False
2024-07-02,Aspirin,Coimbatore,9,14.316257339507017,128.84631605556314,Tuesday,July,Monsoon,Thavapalan,8149880583,False
2024-04-20,Aspirin,Madurai,6,15.420706540294496,92.52423924176698,Saturday,April,Spring,Meera,+910902392160,False
2024-11-11,Paracetamol,Kanchipuram,9,11.49634212084103,103.46707908756927,Monday,November,Autumn,Yamuna,9329135073,False
2024-03-26,Vitamins,Erode,5,19.717064907405508,98.58532453702753,Saturday,October,Autumn,Ravi,+913139442109,True
2024-01-30,Aspirin,Chennai,1,11.895434818982048,11.895434818982048,Thursday,February,Winter,Rukmani,1051769306,True
2024-06-26,Vitamins,Chennai,6,8.131658204719429,48.78994922831657,Wednesday,June,Monsoon,Ilango,08228262024,False
2024-11-22,Antacids,Tiruchirappalli,5,19.58492097756297,97.92460488781485,Friday,November,Autumn,Oviya,8650270105,False
2024-03-23,Ibuprofen,Chennai,6,19.285506402405208,115.71303841443125,Saturday,March,Spring,Ilango,02818181404,False
2024-12-03,Antacids,Tirunelveli,8,7.901065593733594,63.20852474986875,Tuesday,December,Winter,Elango,05315630193,False
2024-10-19,Vitamins,Kanchipuram,6,14.222990317488575,85.33794190493145,Saturday,October,Autumn,Kalyani,06567059494,False
2024-06-18,Paracetamol,Tirunelveli,6,6.3363303980126116,38.017982388075666,Tuesday,June,Monsoon,Murali,03057728048,False
2024-11-14,Vitamins,Coimbatore,7,2.308728635721988,16.161100450053915,Thursday,November,Autumn,Gayathri,09406038726,False
2024-04-01,Ibuprofen,Thanjavur,8,2.9464793536666773,23.57183482933342,Monday,April,Spring,Yogesh,+916126163154,False
2024-01-06,Ibuprofen,Vellore,9,7.648055929573699,68.8325033661633,Saturday,January,Winter,Ilango,6509715468,False
2024-01-16,Vitamins,Madurai,5,5.38085450418258,26.9042725209129,Tuesday,January,Winter,Lalith,+916165815912,False
2024-11-24,Ibuprofen,Coimbatore,7,17.859898179589404,125.01928725712582,Sunday,November,Autumn,Dinesh,04948568789,False
2024-11-14,Ibuprofen,Kanchipuram,8,17.96143612073065,143.6914889658452,Thursday,November,Autumn,Ganesh,00768497816,False
2024-09-12,Ibuprofen,Kanchipuram,3,15.55081711169406,46.65245133508218,Thursday,September,Autumn,Rakesh,+916053735961,False
2024-01-11,Aspirin,Vellore,8,12.174877748270687,97.3990219861655,Thursday,January,Winter,Yamuna,2766802805,False
2024-04-13,Ibuprofen,Tiruchirappalli,7,12.432557545688642,87.0279028198205,Saturday,April,Spring,Suresh,02641576143,False
2024-06-01,Ibuprofen,Tiruchirappalli,3,18.58250548055637,55.74751644166911,Saturday,June,Monsoon,Meera,9873806866,False
2024-10-20,Ibuprofen,Vellore,2,17.138276278838745,34.27655255767749,Sunday,October,Autumn,Harish,0123650680,False
2024-02-16,Paracetamol,Tiruchirappalli,1,17.470357359528123,17.470357359528123,Tuesday,September,Autumn,Rukmani,02169863092,True
2024-03-09,Vitamins,Coimbatore,9,1.0011508034019476,9.01035723061753,Sunday,November,Autumn,Lalitha,08961102430,True
2024-05-27,Antacids,Thanjavur,5,15.770179319156608,78.85089659578304,Monday,May,Spring,Eswari,+917886228290,False
2024-02-16,Antacids,Kanchipuram,2,18.90150966134291,37.80301932268582,Friday,February,Winter,Rakesh,+912468587829,False
2024-03-19,Vitamins,Thanjavur,8,14.011183958420721,112.08947166736577,Sunday,June,Monsoon,Lalitha,8199244824,True
2024-12-31,Aspirin,Chennai,3,1.5999173634648272,4.799752090394481,Tuesday,December,Winter,Suresh,7390853905,False
2024-04-21,Paracetamol,Vellore,9,12.916053517775307,116.24448165997777,Thursday,April,Spring,Ravi,8313863228,True
2024-01-12,Vitamins,Vellore,5,15.69192339527344,78.4596169763672,Friday,January,Winter,Abhilash,1847065965,False
2024-02-24,Aspirin,Tirunelveli,3,8.23131218423595,24.69393655270785,Sunday,August,Monsoon,Sangeetha,08042585369,True
2024-10-22,Paracetamol,Salem,4,1.7131526509710995,6.852610603884398,Tuesday,October,Autumn,Satish,+910798185255,False
2024-04-01,Antacids,Tirunelveli,1,14.327374280157995,14.327374280157995,Monday,April,Spring,Ilango,2408543915,False
2024-01-04,Antacids,Chennai,1,8.632075515075787,8.632075515075787,Thursday,January,Winter,Murali,02798143290,False
2024-09-24,Vitamins,Salem,9,13.280254545336994,119.52229090803294,Tuesday,September,Autumn,Eswari,+914102909565,False
2024-02-22,Ibuprofen,Vellore,6,6.761803588393713,40.57082153036228,Thursday,February,Winter,Rajesh,9625396791,False
2024-07-22,Vitamins,Madurai,4,19.791610547556374,79.1664421902255,Monday,July,Monsoon,Elango,4207831134,False
2024-03-24,Ibuprofen,Coimbatore,6,8.933244818940276,53.59946891364166,Sunday,March,Spring,Bhavani,+919383058263,False
2024-03-29,Antacids,Vellore,6,15.405680610722653,92.43408366433592,Friday,March,Spring,Karthik,5262803143,False
2024-10-13,Paracetamol,Chennai,7,17.370228314585706,121.59159820209995,Sunday,October,Autumn,Prakash,9031043598,False
2024-04-28,Antacids,Erode,6,1.679110967509191,10.074665805055147,Sunday,April,Spring,Dinesh,4137020247,False
2024-04-04,Paracetamol,Chennai,7,6.71237201523857,46.986604106669986,Thursday,April,Spring,Arun,08222171854,False
2024-10-14,Vitamins,Salem,3,5.315975247527602,15.947925742582806,Monday,October,Autumn,Chitra,07834387467,False
2024-11-14,Vitamins,Kanchipuram,2,3.390412030196279,6.780824060392558,Thursday,November,Autumn,Ilango,8187332499,False
2024-09-19,Paracetamol,Coimbatore,9,7.2941087255618,65.6469785300562,Thursday,September,Autumn,Jothi,+914172679505,False
2024-01-10,Paracetamol,Erode,5,17.46271472029844,87.3135736014922,Wednesday,January,Winter,Balaji,+918584036185,False
2024-08-23,Aspirin,Tiruchirappalli,8,16.64786691162999,133.18293529303992,Friday,August,Monsoon,Kumar,5291555643,False
2024-01-04,Aspirin,Tirunelveli,4,19.558477150438097,78.23390860175239,Thursday,January,Winter,Jaya,+912459293352,False
2024-01-29,Antacids,Tiruchirappalli,2,5.79699077351684,11.59398154703368,Monday,January,Winter,Suresh,06442449375,False
2024-07-16,Vitamins,Kanchipuram,4,6.199873429657326,24.799493718629304,Tuesday,July,Monsoon,Siva,08819946377,False
2024-02-01,Antacids,Madurai,6,11.456416904109927,68.73850142465956,Thursday,February,Winter,Rajesh,02306713896,False
2024-10-24,Antacids,Kanchipuram,8,17.527113353058418,140.21690682446734,Thursday,October,Autumn,Yogesh,+912606373129,False
2024-10-06,Aspirin,Vellore,5,7.1569941028646165,35.784970514323085,Sunday,October,Autumn,Rukmini,5258303344,False
2024-10-25,Paracetamol,Kanchipuram,7,10.750509609666143,75.253567267663,Friday,October,Autumn,Venkatesh,9589174483,False
2024-10-12,Paracetamol,Kanchipuram,7,5.512939621740645,38.59057735218452,Saturday,October,Autumn,Swathi,05982697242,False
2024-02-06,Antacids,Kanchipuram,5,2.5993835630738578,12.996917815369288,Tuesday,December,Winter,Ishwarya,1744956279,True
2024-09-27,Paracetamol,Kanchipuram,6,13.505785680277825,81.03471408166695,Friday,September,Autumn,Yamuna,+913631056253,False
2024-12-24,Vitamins,Thanjavur,3,7.761893938176494,23.285681814529482,Tuesday,December,Winter,Usha,8408459435,False
2024-10-04,Ibuprofen,Erode,9,2.4866758941189073,22.380083047070165,Friday,October,Autumn,Chitra,04902945763,False
2024-09-30,Vitamins,Vellore,6,14.451664738372546,86.70998843023528,Monday,September,Autumn,Chitra,+919012183391,False
2024-03-23,Aspirin,Thanjavur,6,6.281808951113852,37.690853706683114,Saturday,March,Spring,Ilango,05112245836,False
2024-11-06,Antacids,Coimbatore,4,16.242099774607546,64.96839909843018,Wednesday,November,Autumn,Yogesh,9065684651,False
2024-12-05,Ibuprofen,Tiruchirappalli,2,2.5920357052916065,5.184071410583213,Thursday,December,Winter,Satish,02049652573,False
2024-05-17,Vitamins,Tiruchirappalli,5,4.228764730207391,21.143823651036957,Monday,January,Winter,Ravi,07532064813,True
2024-06-22,Paracetamol,Thanjavur,2,9.44510015169313,18.89020030338626,Saturday,June,Monsoon,Sandhya,03017661793,False
2024-03-28,Vitamins,Vellore,7,11.29462557697501,79.06237903882507,Thursday,March,Spring,Vijay,+915970433422,False
2024-03-02,Vitamins,Thanjavur,9,18.13135828337782,163.1822245504004,Saturday,March,Spring,Eswari,03563923848,False
2024-05-29,Vitamins,Tiruchirappalli,8,17.858379873468532,142.86703898774826,Wednesday,May,Spring,Gayathri,03024401611,False
2024-06-12,Paracetamol,Tirunelveli,3,10.61875400877475,31.856262026324252,Tuesday,November,Autumn,Ravi,+912685443520,True
2024-09-07,Ibuprofen,Coimbatore,3,6.06692345678528,18.20077037035584,Saturday,September,Autumn,Jaya,+911968294612,False
2024-10-27,Vitamins,Kanchipuram,1,4.6714895570165655,4.6714895570165655,Sunday,October,Autumn,Harish,2330292859,False
2024-08-16,Antacids,Tiruchirappalli,9,6.676255906186878,60.086303155681904,Friday,August,Monsoon,Usha,6266039000,False
2024-07-26,Ibuprofen,Coimbatore,7,11.14558054894712,78.01906384262983,Friday,July,Monsoon,Rajesh,02140914853,False
2024-04-24,Aspirin,Coimbatore,3,10.374732283494385,31.124196850483155,Wednesday,April,Spring,Yogesh,06576175230,False
2024-02-17,Vitamins,Chennai,7,6.003583895695016,42.02508726986511,Saturday,February,Winter,Elango,05082300387,False
2024-07-19,Vitamins,Tiruchirappalli,3,7.457017759856799,22.371053279570397,Friday,July,Monsoon,Rakesh,4763180515,False
2024-08-17,Vitamins,Chennai,2,16.057479206569415,32.11495841313883,Saturday,August,Monsoon,Harish,8825165059,False
2024-04-22,Antacids,Coimbatore,3,1.8448890254792645,5.534667076437794,Monday,April,Spring,Gayathri,03833017844,False
2024-06-06,Antacids,Vellore,8,19.685245586456947,157.48196469165558,Thursday,June,Monsoon,Gayathri,06736817487,False
2024-03-20,Ibuprofen,Thanjavur,6,15.61189289208267,93.67135735249602,Wednesday,March,Spring,Abhilash,+915230357735,False
2024-11-11,Paracetamol,Tiruchirappalli,8,13.21326413086173,105.70611304689383,Monday,November,Autumn,Murali,09532508289,False
2024-03-16,Ibuprofen,Madurai,7,3.9021045019354723,27.314731513548306,Saturday,March,Spring,Rakesh,03372426528,False
2024-02-10,Antacids,Kanchipuram,5,1.7228489491661003,8.6142447458305,Saturday,February,Winter,Oviya,07059532153,False
2024-06-26,Vitamins,Kanchipuram,9,8.11386569371506,73.02479124343553,Wednesday,June,Monsoon,Murali,5831594705,False
2024-08-11,Ibuprofen,Thanjavur,9,5.798773989878455,52.1889659089061,Sunday,August,Monsoon,Vijay,+915208177744,False
2024-08-08,Paracetamol,Thanjavur,8,3.3884385461565087,27.10750836925207,Thursday,August,Monsoon,Vijay,6190061873,False
2024-07-18,Paracetamol,Tiruchirappalli,6,7.56476993041349,45.38861958248094,Thursday,July,Monsoon,Vikram,4202546931,False
2024-02-08,Ibuprofen,Vellore,2,13.677079428946824,27.354158857893648,Thursday,February,Winter,Naren,+914341362112,False
2024-07-08,Aspirin,Erode,5,1.8647035652892394,9.323517826446198,Monday,July,Monsoon,Sandhya,3929619419,False
2024-06-06,Aspirin,Kanchipuram,1,14.491107795298085,14.491107795298085,Thursday,June,Monsoon,Rukmini,+911681199740,False
2024-09-19,Ibuprofen,Vellore,2,14.59682192164267,29.19364384328534,Thursday,September,Autumn,Usha,00261309246,False
2024-10-23,Vitamins,Erode,4,15.640337170710941,62.561348682843764,Wednesday,October,Autumn,Jothi,8879763895,False
2024-03-17,Aspirin,Tirunelveli,2,9.13919174901127,18.27838349802254,Sunday,March,Spring,Ilango,3601923936,False
2024-04-22,Antacids,Tiruchirappalli,9,14.193483884652697,127.74135496187426,Monday,April,Spring,Abhilash,8357274006,False
2024-09-18,Aspirin,Coimbatore,1,6.9076772265377,6.9076772265377,Wednesday,September,Autumn,Jaya,01563110602,False
2024-08-02,Ibuprofen,Thanjavur,2,9.680434999366625,19.36086999873325,Friday,August,Monsoon,Jaya,09012461339,False
2024-08-10,Vitamins,Coimbatore,9,13.73817204779258,123.64354843013321,Saturday,August,Monsoon,Karthik,01757464908,False
2024-06-30,Paracetamol,Tiruchirappalli,2,16.97217725580908,33.94435451161816,Sunday,June,Monsoon,Jothi,+914444677080,False
2024-08-08,Ibuprofen,Coimbatore,1,8.213567898305639,8.213567898305639,Thursday,August,Monsoon,Yamuna,00770584356,False
2024-02-20,Antacids,Tiruchirappalli,9,9.281777160639612,83.5359944457565,Tuesday,February,Winter,Meenal,+917036109326,False
2024-02-29,Paracetamol,Madurai,2,7.956789300106507,15.913578600213015,Thursday,February,Winter,Uma,+915490180484,False
2024-03-31,Aspirin,Madurai,5,1.744843714420905,8.724218572104526,Sunday,March,Spring,Thavapalan,+911575057531,False
2024-01-14,Antacids,Madurai,8,8.39645442132701,67.17163537061607,Sunday,January,Winter,Ajay,1578413154,False
2024-03-23,Antacids,Kanchipuram,3,1.552536146156458,4.657608438469374,Saturday,March,Spring,Kalyani,03794948688,False
2024-12-23,Paracetamol,Chennai,1,9.090533398587977,9.090533398587977,Monday,December,Winter,Naren,04641626503,False
2024-07-08,Antacids,Tiruchirappalli,3,9.600417054908219,28.801251164724654,Monday,December,Winter,Ravi,+915142733113,True
2024-01-11,Antacids,Tirunelveli,7,8.820902730660297,61.74631911462208,Thursday,January,Winter,Usha,2843603192,False
2024-08-03,Antacids,Vellore,5,8.998721366963922,44.99360683481961,Friday,March,Spring,Ravi,6211924469,True
2024-08-01,Ibuprofen,Madurai,9,14.701615756146245,132.3145418053162,Thursday,August,Monsoon,Yogesh,00365269092,False
2024-06-13,Vitamins,Coimbatore,9,12.20452454186554,109.84072087678986,Thursday,June,Monsoon,Suresh,4178388276,False
2024-03-20,Antacids,Vellore,1,1.0936534065814714,1.0936534065814714,Monday,April,Spring,Sangeetha,2804710211,True
2024-06-30,Antacids,Erode,3,5.290368161440783,15.87110448432235,Sunday,June,Monsoon,Yamuna,+910200778616,False
2024-03-17,Ibuprofen,Tirunelveli,6,1.5206140189076813,9.123684113446089,Sunday,March,Spring,Eswari,9796245427,False
2024-12-30,Vitamins,Chennai,1,9.779853062921548,9.779853062921548,Monday,December,Winter,Satish,8527969417,False
2024-07-23,Vitamins,Kanchipuram,1,16.2345014741342,16.2345014741342,Tuesday,July,Monsoon,Chandran,+917876418603,False
2024-01-15,Vitamins,Salem,5,9.584333343605133,47.92166671802566,Monday,January,Winter,Oviya,08561101303,False
2024-11-01,Antacids,Tiruchirappalli,9,16.293775871023414,146.6439828392107,Friday,November,Autumn,Shankar,+918051209092,False
2024-09-23,Antacids,Madurai,1,11.037987414089661,11.037987414089661,Monday,September,Autumn,Sandhya,1702370328,False
2024-10-14,Aspirin,Tiruchirappalli,2,5.5655540805731665,11.131108161146333,Monday,October,Autumn,Sandhya,5268365029,False
2024-02-01,Antacids,Salem,4,8.05460063120892,32.21840252483568,Thursday,February,Winter,Yogesh,08321612092,False
2024-10-22,Ibuprofen,Erode,7,8.608924495588546,60.262471469119824,Tuesday,October,Autumn,Ganesh,6164068871,False
2024-03-04,Vitamins,Tirunelveli,1,12.743388989364883,12.743388989364883,Tuesday,July,Monsoon,Rukmani,9742364965,True
2024-10-28,Vitamins,Tiruchirappalli,2,16.543467278303364,33.08693455660673,Monday,October,Autumn,Murali,+914287204999,False
2024-04-30,Aspirin,Coimbatore,6,17.201091109103118,103.2065466546187,Tuesday,April,Spring,Jothi,8620720192,False
2024-11-21,Ibuprofen,Chennai,5,16.25653218891292,81.28266094456461,Thursday,November,Autumn,Arun,4096498995,False
2024-03-13,Aspirin,Tirunelveli,6,3.2128018290764073,19.276810974458442,Wednesday,March,Spring,Vijay,01675032589,False
2024-04-29,Ibuprofen,Chennai,6,11.679241032248955,70.07544619349373,Monday,April,Spring,Jothi,6210694285,False
2024-06-13,Aspirin,Erode,5,1.6259635220934152,8.129817610467075,Thursday,June,Monsoon,Chitra,03246620110,False
2024-03-02,Antacids,Erode,9,6.849607861240442,61.64647075116398,Saturday,March,Spring,Satish,2742617450,False
2024-11-14,Paracetamol,Thanjavur,9,3.2204758222548153,28.98428240029334,Thursday,November,Autumn,Bhavani,02437019806,False
2024-06-04,Aspirin,Tiruchirappalli,3,17.80781908005201,53.423457240156026,Tuesday,June,Monsoon,Vijay,08492999891,False
2024-02-07,Aspirin,Tiruchirappalli,4,18.61339080694152,74.45356322776608,Wednesday,February,Winter,Dinesh,+919859297077,False
2024-02-15,Antacids,Tirunelveli,4,5.571852968395427,22.287411873581707,Tuesday,March,Spring,Ishwarya,8430751309,True
2024-07-07,Ibuprofen,Kanchipuram,4,7.174979675310956,28.699918701243824,Sunday,July,Monsoon,Sandhya,8672415767,False
2024-12-24,Ibuprofen,Tiruchirappalli,8,16.689025582584833,133.51220466067866,Tuesday,December,Winter,Murali,04778652937,False
2024-04-17,Vitamins,Madurai,2,15.476603717542384,30.953207435084767,Wednesday,April,Spring,Arun,+916674808957,False
2024-10-01,Paracetamol,Salem,9,11.479936306497143,103.31942675847428,Tuesday,October,Autumn,Nisha,+910410470401,False
2024-08-03,Vitamins,Salem,2,6.9411070262346675,13.882214052469335,Saturday,August,Monsoon,Elango,5172874031,False
2024-03-04,Aspirin,Erode,9,15.980899353464386,143.82809418117947,Monday,March,Spring,Hema,9089071327,False
2024-08-26,Vitamins,Vellore,6,13.895198196131727,83.37118917679035,Monday,August,Monsoon,Vijay,+916014338770,False
2024-02-24,Paracetamol,Madurai,1,14.420223559659382,14.420223559659382,Monday,November,Autumn,Ishwarya,+917218442783,True
2024-04-18,Aspirin,Chennai,6,8.284246653653229,49.70547992191938,Thursday,April,Spring,Sandhya,09793368134,False
2024-09-07,Antacids,Vellore,8,19.708699640383696,157.66959712306956,Saturday,September,Autumn,Naren,08457913191,False
2024-09-01,Ibuprofen,Madurai,7,15.99171993777544,111.94203956442807,Sunday,September,Autumn,Hari,07069940303,False
2024-03-05,Aspirin,Thanjavur,7,17.70493934607992,123.93457542255945,Tuesday,March,Spring,Jaya,+917739763412,False
2024-03-04,Aspirin,Vellore,9,11.66129762116572,104.95167859049148,Saturday,November,Autumn,Ishwarya,07664933227,True
2024-10-27,Aspirin,Thanjavur,7,6.578719576264793,46.05103703385355,Sunday,October,Autumn,Suresh,+911908295454,False
2024-06-27,Antacids,Chennai,6,7.191241998072128,43.14745198843276,Thursday,June,Monsoon,Kalyani,9894671020,False
2024-06-21,Ibuprofen,Kanchipuram,5,13.986299353762801,69.931496768814,Friday,June,Monsoon,Karthik,+918733247491,False
2024-01-02,Paracetamol,Salem,7,12.54709510033117,87.82966570231818,Tuesday,January,Winter,Nisha,03157518238,False
2024-10-20,Aspirin,Salem,7,16.54391995045655,115.80743965319586,Sunday,October,Autumn,Bhavani,01676515158,False
2024-01-02,Ibuprofen,Tirunelveli,2,2.110813694997794,4.221627389995588,Tuesday,January,Winter,Arun,+912738308120,False
2024-11-17,Antacids,Kanchipuram,5,2.9244006923301007,14.622003461650504,Sunday,November,Autumn,Ganesh,+919616908255,False
2024-01-14,Paracetamol,Coimbatore,6,18.50140729577998,111.00844377467988,Sunday,January,Winter,Chandran,03026112934,False
2024-09-28,Paracetamol,Kanchipuram,2,18.2727623835427,36.5455247670854,Saturday,September,Autumn,Rukmini,+914770618918,False
2024-01-04,Vitamins,Tiruchirappalli,9,4.330234871698713,38.97211384528842,Thursday,January,Winter,Eswari,8905197729,False
2024-03-08,Aspirin,Coimbatore,2,12.584042837795305,25.16808567559061,Friday,March,Spring,Oviya,04372093952,False
2024-10-21,Aspirin,Kanchipuram,3,9.44788184194598,28.343645525837943,Monday,October,Autumn,Mani,7662370307,False
2024-04-13,Aspirin,Erode,5,12.69634716308325,63.48173581541624,Saturday,April,Spring,Suresh,+914368782525,False
2024-03-22,Antacids,Thanjavur,5,10.134086546045024,50.67043273022512,Friday,March,Spring,Yogesh,03518318540,False
2024-08-30,Antacids,Tirunelveli,3,9.630413922958208,28.891241768874625,Friday,August,Monsoon,Suresh,1479927304,False
2024-12-30,Ibuprofen,Madurai,9,17.531896015594015,157.78706414034613,Monday,December,Winter,Oviya,+917911206001,False
2024-01-17,Ibuprofen,Thanjavur,1,1.8444243769315674,1.8444243769315674,Wednesday,January,Winter,Jaya,+916862468302,False
2024-09-22,Vitamins,Vellore,6,16.050000505238046,96.30000303142828,Sunday,September,Autumn,Venkatesh,04230843510,False
2024-02-15,Ibuprofen,Erode,6,13.773183667975559,82.63910200785335,Thursday,February,Winter,Lalith,5837324709,False
2024-09-13,Ibuprofen,Chennai,2,6.887197677178592,13.774395354357184,Friday,September,Autumn,Chandran,00577466315,False
2024-07-17,Aspirin,Tirunelveli,8,14.468775085955986,115.75020068764789,Wednesday,July,Monsoon,Hema,7206550752,False
2024-03-25,Ibuprofen,Salem,4,16.426156969645525,65.7046278785821,Monday,March,Spring,Arun,00557602602,False
2024-06-11,Ibuprofen,Thanjavur,9,15.189842407771774,136.70858166994597,Tuesday,June,Monsoon,Rajesh,+913775181066,False
2024-06-13,Aspirin,Coimbatore,9,18.535371522017222,166.818343698155,Thursday,June,Monsoon,Nisha,06581787209,False
2024-10-31,Antacids,Kanchipuram,1,2.2983911713381038,2.2983911713381038,Thursday,October,Autumn,Swathi,+913399072813,False
2024-03-21,Vitamins,Vellore,3,5.87944769844355,17.63834309533065,Saturday,January,Winter,Rukmani,+912056544780,True
2024-05-29,Vitamins,Chennai,8,3.4654898287992455,27.723918630393964,Wednesday,May,Spring,Anjali,+915944325230,False
2024-10-20,Paracetamol,Thanjavur,9,18.627308507150378,167.6457765643534,Sunday,October,Autumn,Harish,2004069335,False
2024-12-02,Paracetamol,Madurai,6,14.236886974598558,85.42132184759134,Monday,December,Winter,Rani,6569629394,False
2024-12-16,Vitamins,Coimbatore,1,15.39131328333117,15.39131328333117,Monday,December,Winter,Abhilash,8967918703,False
2024-08-22,Paracetamol,Thanjavur,7,12.790137907045969,89.53096534932178,Thursday,August,Monsoon,Oviya,9862458587,False
2024-12-10,Vitamins,Tirunelveli,4,14.862616277671703,59.450465110686814,Tuesday,December,Winter,Rani,0078002457,False
2024-06-24,Ibuprofen,Vellore,3,1.1764045596126145,3.529213678837843,Monday,June,Monsoon,Karthik,+913491205887,False
2024-07-18,Vitamins,Coimbatore,4,14.57169707958113,58.28678831832452,Thursday,July,Monsoon,Rakesh,+913647527559,False
2024-05-07,Aspirin,Thanjavur,9,15.455059944669236,139.09553950202312,Tuesday,May,Spring,Yamuna,9583824869,False
2024-02-02,Aspirin,Tiruchirappalli,5,19.319985375704853,96.59992687852426,Friday,February,Winter,Ilango,2573413636,False
2024-02-05,Antacids,Chennai,5,16.303002177761748,81.51501088880875,Monday,February,Winter,Suresh,1609327059,False
2024-12-20,Antacids,Chennai,4,8.449519056549384,33.79807622619754,Friday,December,Winter,Siva,04865561655,False
2024-08-21,Ibuprofen,Kanchipuram,8,3.163987991415905,25.31190393132724,Wednesday,August,Monsoon,Jothi,02650913579,False
2024-05-21,Vitamins,Tirunelveli,1,14.699824760217302,14.699824760217302,Tuesday,May,Spring,Usha,05788204802,False
2024-09-24,Ibuprofen,Salem,1,7.823023645412702,7.823023645412702,Tuesday,September,Autumn,Rukmini,7421882621,False
2024-03-13,Ibuprofen,Tirunelveli,8,4.395625028948558,35.165000231588465,Wednesday,January,Winter,Ishwarya,+911707830334,True
2024-12-09,Aspirin,Coimbatore,1,16.03434949241738,16.03434949241738,Monday,December,Winter,Kumar,03372072660,False
2024-08-29,Vitamins,Vellore,6,10.533689483298959,63.20213689979376,Sunday,April,Spring,Ravi,1618356344,True
2024-02-13,Antacids,Tiruchirappalli,5,5.759891141926393,28.799455709631964,Tuesday,February,Winter,Vikram,03524541016,False
2024-01-13,Paracetamol,Salem,6,17.010882222830386,102.06529333698231,Saturday,January,Winter,Yogesh,+912497102945,False
2024-12-20,Antacids,Tiruchirappalli,7,8.453911129387766,59.177377905714366,Friday,December,Winter,Swathi,06628470706,False
2024-08-06,Antacids,Tirunelveli,3,13.843137694885002,41.529413084655005,Tuesday,August,Monsoon,Eswari,03678430107,False
2024-10-11,Ibuprofen,Tiruchirappalli,6,4.432551809272052,26.595310855632313,Friday,October,Autumn,Naren,3310792959,False
2024-03-22,Antacids,Vellore,6,6.0917849675839815,36.550709805503885,Monday,March,Spring,Ishwarya,06317660494,True
2024-11-13,Paracetamol,Thanjavur,8,12.191591330098335,97.53273064078668,Wednesday,November,Autumn,Anjali,5752886459,False
2024-04-19,Paracetamol,Coimbatore,5,16.297422218948917,81.48711109474459,Friday,April,Spring,Karthik,4073949071,False
2024-03-31,Antacids,Erode,2,10.713780741668716,21.42756148333743,Friday,June,Monsoon,Ishwarya,+911865372786,True
2024-03-11,Paracetamol,Salem,2,16.078343800699145,32.15668760139829,Monday,March,Spring,Sandhya,+914812225597,False
2024-08-13,Vitamins,Erode,6,6.735445275429038,40.41267165257423,Tuesday,August,Monsoon,Prakash,9583734190,False
2024-09-23,Paracetamol,Salem,1,5.830561694412395,5.830561694412395,Monday,September,Autumn,Rajesh,+910694204429,False
2024-10-19,Ibuprofen,Vellore,1,8.135437746606309,8.135437746606309,Saturday,October,Autumn,Vanitha,+916819503832,False
2024-05-30,Ibuprofen,Kanchipuram,4,3.7355541478122523,14.942216591249009,Thursday,May,Spring,Karthik,06080294341,False
2024-01-21,Ibuprofen,Tiruchirappalli,9,15.483641338635042,139.35277204771538,Sunday,January,Winter,Vignesh,06192086799,False
2024-08-17,Antacids,Kanchipuram,8,7.032570284547023,56.260562276376184,Saturday,August,Monsoon,Kalyani,02067415273,False
2024-08-05,Aspirin,Erode,1,8.01054118037527,8.01054118037527,Monday,August,Monsoon,Nisha,+915849219139,False
2024-07-21,Vitamins,Tiruchirappalli,4,11.121690991436155,44.48676396574462,Sunday,July,Monsoon,Karthik,02012195653,False
2024-01-01,Antacids,Salem,1,14.400828682805978,14.400828682805978,Monday,January,Winter,Meenal,9329677738,False
2024-10-01,Paracetamol,Salem,7,7.536193337366224,52.75335336156357,Tuesday,October,Autumn,Meenal,+919055823819,False
2024-09-16,Aspirin,Kanchipuram,7,17.267507217782203,120.87255052447543,Monday,September,Autumn,Rakesh,5147981441,False
2024-11-10,Aspirin,Tiruchirappalli,5,12.599304965380606,62.99652482690303,Sunday,November,Autumn,Thavapalan,6724539131,False
2024-09-11,Paracetamol,Coimbatore,2,15.058978598920357,30.117957197840713,Wednesday,September,Autumn,Rani,8455544887,False
2024-03-20,Ibuprofen,Tiruchirappalli,9,1.8333861655612684,16.500475490051414,Wednesday,March,Spring,Harish,7658515815,False
2024-11-16,Vitamins,Madurai,2,6.2409134893251705,12.481826978650341,Saturday,November,Autumn,Anjali,09060196125,False
2024-04-25,Ibuprofen,Kanchipuram,2,7.192554856608484,14.385109713216968,Thursday,April,Spring,Prakash,0602892838,False
2024-11-26,Vitamins,Tiruchirappalli,7,9.26414916151068,64.84904413057475,Tuesday,November,Autumn,Karthik,00734122434,False
2024-10-08,Antacids,Thanjavur,1,14.212739712007169,14.212739712007169,Tuesday,October,Autumn,Harish,05540845022,False
2024-09-19,Vitamins,Thanjavur,4,14.514224476882363,58.056897907529454,Thursday,September,Autumn,Gayathri,7203300329,False
2024-01-18,Antacids,Vellore,4,14.757378001772208,59.02951200708883,Thursday,January,Winter,Meera,+916219691261,False
2024-03-29,Aspirin,Madurai,4,1.8711567469433383,7.484626987773353,Friday,November,Autumn,Lalitha,+916749448010,True
2024-04-08,Vitamins,Chennai,2,17.107047300311613,34.21409460062323,Saturday,December,Winter,Lalitha,09369668026,True
2024-09-24,Paracetamol,Coimbatore,4,9.135774495816111,36.543097983264445,Saturday,May,Spring,Ravi,1344869240,True
2024-05-15,Paracetamol,Vellore,6,18.355219589287923,110.13131753572753,Wednesday,May,Spring,Thavapalan,7089787797,False
2024-07-02,Paracetamol,Vellore,6,9.967347136512444,59.804082819074665,Tuesday,July,Monsoon,Ganesh,4709423271,False
2024-06-23,Paracetamol,Coimbatore,8,8.878238834322865,71.02591067458292,Sunday,June,Monsoon,Venkatesh,4329729269,False
2024-07-08,Aspirin,Vellore,6,11.254363445649034,67.5261806738942,Monday,July,Monsoon,Vanitha,07163549748,False
2024-07-16,Ibuprofen,Madurai,6,9.6525942869424,57.915565721654396,Tuesday,July,Monsoon,Hari,7158428771,False
2024-02-16,Ibuprofen,Chennai,7,8.59897171406712,60.19280199846985,Friday,February,Winter,Rani,9185622746,False
2024-07-18,Antacids,Salem,2,13.006178780772107,26.012357561544214,Thursday,July,Monsoon,Ganesh,04422302970,False
2024-10-29,Paracetamol,Kanchipuram,8,19.27051619652658,154.16412957221263,Tuesday,October,Autumn,Uma,06311666010,False
2024-06-24,Ibuprofen,Tirunelveli,9,17.91719266119987,161.25473395079882,Monday,June,Monsoon,Karthik,+913699421491,False
2024-10-28,Paracetamol,Tiruchirappalli,6,7.45336945319816,44.72021671918896,Monday,October,Autumn,Yamuna,00707701212,False
2024-12-31,Antacids,Kanchipuram,9,19.192686306369545,172.7341767573259,Tuesday,December,Winter,Uma,09309932134,False
2024-09-08,Ibuprofen,Kanchipuram,4,13.991875619382414,55.967502477529656,Sunday,September,Autumn,Usha,06894680920,False
2024-05-12,Vitamins,Salem,6,3.105275451261801,18.631652707570808,Sunday,May,Spring,Suresh,+910258346122,False
2024-03-20,Paracetamol,Coimbatore,9,12.853467780108218,115.68121002097396,Wednesday,March,Spring,Jaya,8356470132,False
2024-07-07,Paracetamol,Madurai,4,5.133491995320731,20.533967981282924,Sunday,July,Monsoon,Gayathri,9975126076,False
2024-04-09,Paracetamol,Kanchipuram,8,19.98495200357284,159.87961602858272,Wednesday,December,Winter,Ishwarya,4517567514,True
2024-04-07,Ibuprofen,Madurai,8,10.343896677075962,82.7511734166077,Tuesday,June,Monsoon,Rukmani,+917182396924,True
2024-09-11,Antacids,Thanjavur,3,7.716361640377664,23.149084921132992,Wednesday,September,Autumn,Harish,07293607511,False
2024-10-12,Antacids,Chennai,9,9.586586081269393,86.27927473142454,Saturday,October,Autumn,Eswari,2768407075,False
2024-07-25,Aspirin,Tirunelveli,6,19.373104954676965,116.2386297280618,Thursday,July,Monsoon,Gokul,3672645350,False
2024-04-18,Paracetamol,Tirunelveli,9,13.087601432631045,117.7884128936794,Saturday,August,Monsoon,Lalitha,8686483182,True
2024-05-08,Antacids,Chennai,8,8.30272091351561,66.42176730812488,Wednesday,May,Spring,Kalyani,07575675206,False
2024-10-13,Vitamins,Erode,6,14.34592946480634,86.07557678883803,Sunday,October,Autumn,Gayathri,+918819907744,False
2024-07-09,Paracetamol,Madurai,7,19.298783914026618,135.09148739818633,Tuesday,July,Monsoon,Kumar,06939431616,False
2024-08-21,Vitamins,Tirunelveli,8,11.874023303213885,94.99218642571108,Wednesday,August,Monsoon,Mani,+917070487750,False
2024-04-03,Aspirin,Coimbatore,1,19.44334542477392,19.44334542477392,Wednesday,April,Spring,Elango,+917531180893,False
2024-06-26,Vitamins,Thanjavur,2,14.519860402828694,29.03972080565739,Wednesday,June,Monsoon,Oviya,05942717287,False
2024-10-09,Paracetamol,Tirunelveli,7,13.123607356723392,91.86525149706374,Wednesday,October,Autumn,Oviya,9562826986,False
2024-12-07,Vitamins,Thanjavur,5,8.722788298819186,43.613941494095926,Saturday,December,Winter,Swathi,3104792001,False
2024-02-08,Vitamins,Tirunelveli,3,6.146385004835856,18.439155014507566,Thursday,February,Winter,Suresh,+910996002749,False
2024-09-27,Paracetamol,Madurai,5,7.532466672094202,37.66233336047101,Friday,September,Autumn,Vikram,+919460909661,False
2024-02-22,Antacids,Tiruchirappalli,4,3.3711325099917127,13.48453003996685,Thursday,February,Winter,Mani,01392928257,False
2024-08-07,Aspirin,Salem,8,10.567028575865638,84.5362286069251,Wednesday,August,Monsoon,Abhilash,+914332372444,False
2024-11-05,Aspirin,Chennai,5,1.7203216972843451,8.601608486421725,Tuesday,November,Autumn,Anjali,07806175324,False
2024-08-05,Antacids,Salem,6,3.1572668857625117,18.94360131457507,Monday,August,Monsoon,Eswari,8761757937,False
2024-10-19,Antacids,Coimbatore,7,13.36287098242799,93.54009687699593,Saturday,October,Autumn,Vijay,+916988429836,False
2024-04-24,Vitamins,Madurai,3,4.37800751211366,13.13402253634098,Wednesday,April,Spring,Ilango,+911013006504,False
2024-05-07,Antacids,Tirunelveli,7,6.2251216133129885,43.57585129319092,Tuesday,May,Spring,Naren,06191142117,False
2024-09-15,Antacids,Salem,1,4.614949669543317,4.614949669543317,Sunday,September,Autumn,Harish,+917271911684,False
2024-06-19,Vitamins,Erode,3,19.852625637253734,59.5578769117612,Wednesday,June,Monsoon,Jaya,5233034119,False
